# PLATE   MJD     FIBERID   Z   
5046   56243     589     0.10321079999999999
6014   56072     756     0.03734256
5046   56243     603     0.2632412
6014   56072     796     0.13325265
7604   56947     487     0.038456816
10000   57346     60     0.049068093
5962   56265     946     0.12201278
6744   56399     177     0.06432614
10000   57346     110     0.22849046
7665   57328     466     0.014694481
10000   57346     119     0.10527985
7604   56947     595     0.036716055
7604   56947     614     0.03891314
5963   56191     77     0.20356785
4360   55539     524     0.1053316
6691   56413     390     0.15108829999999998
7604   56947     704     0.09192080000000001
6015   56096     54     0.1332198
5135   55862     782     0.18955137
6691   56413     461     0.08271925
5135   55862     857     0.16892397
5135   55862     860     0.07245052
7604   56947     805     0.05422449
6744   56399     476     0.09571422
10000   57346     442     0.105694115
5135   55862     945     0.070637845
7665   57328     815     0.22049487
6691   56413     646     0.04899089
7604   56947     944     0.048783265
5047   55833     142     0.16397163
10000   57346     580     0.20227538
7605   56949     44     0.07622871
4413   55894     788     0.039735705
6015   56096     414     0.26972675
4360   55539     995     0.012356231
10000   57346     719     0.034955155
6691   56413     884     0.02559406
10000   57346     784     0.13198338
7605   56949     232     0.26393777
3681   55243     626     0.021960186
6015   56096     503     0.014794094499999999
5136   55836     250     0.013948143
6015   56096     559     0.24017577
6015   56096     574     0.07130633
5136   55836     333     0.24750404
7666   57339     241     0.036151964
5136   55836     398     0.15474214
5047   55833     633     0.22120044
6015   56096     750     0.15296037
6745   56425     44     0.0069320556000000005
6745   56425     49     0.054205205
4361   55831     408     0.013450011999999999
6692   56390     284     0.006620187
6692   56390     301     0.11837156
3681   55243     933     0.21604604
7605   56949     603     0.09648686
7605   56949     608     0.032153934
4414   55882     270     0.06618419
7605   56949     646     0.30183545
7605   56949     674     0.03243446
7666   57339     451     0.03594334
7666   57339     462     0.05893923
6015   56096     905     0.11618558
6015   56096     909     0.030274762
5964   56098     164     0.05833116
6015   56096     920     0.031517338
6692   56390     466     0.27888104
7605   56949     765     0.09709411
6015   56096     949     0.033779982
5136   55836     677     0.21333398
7605   56949     811     0.036515843
6692   56390     540     0.07241844
5047   55833     974     0.08100751
4414   55882     436     0.2656903
5047   55833     991     0.15311405
3682   55244     174     0.24276292
5136   55836     756     0.05928578
4414   55882     480     0.041814618
5964   56098     305     0.085648
3586   55181     452     0.05966088
6692   56390     618     0.23328371
6016   56073     91     0.050483665999999996
6016   56073     115     0.03888581
6016   56073     176     0.09237928
7666   57339     758     0.011018413999999999
3586   55181     522     0.25619233
5136   55836     913     0.21331643
6745   56425     496     0.02564345
7606   56977     2     0.048803575
6692   56390     722     0.3183762
7666   57339     841     0.034265697000000005
3682   55244     430     0.1097002
7606   56977     77     0.01134241
4414   55882     786     0.08033422400000001
3586   55181     674     0.18158677
3586   55181     716     0.23515996
3682   55244     562     0.024692053
4414   55882     870     0.0625711
6745   56425     834     0.10771549
7669   57329     124     0.06961396
6745   56425     841     0.1058381
6016   56073     587     0.03575293
3682   55244     748     0.084268615
5048   56218     473     0.08278866
5964   56098     787     0.09177858400000001
5137   55833     375     0.20172949
5964   56098     835     0.09206016
5137   55833     390     0.23327734
4415   55831     116     0.040896267
3587   55182     24     0.23884815
7669   57329     316     0.016649837
7669   57329     331     0.040327758
7606   56977     481     0.17372815
7669   57329     334     0.31585196
5137   55833     487     0.18443584
6746   56386     82     0.069680646
7606   56977     517     0.039162226
7669   57329     370     0.016857985
5965   56190     12     0.06466238
3587   55182     181     0.15518197
7669   57329     469     0.2266394
7606   56977     646     0.24164532
5137   55833     608     0.30808607
3587   55182     234     0.17363332
7669   57329     504     0.1652371
4415   55831     370     0.028488986
6016   56073     956     0.03612527
3587   55182     296     0.2815948
3587   55182     306     0.12003739
4362   55828     600     0.07027983
4415   55831     424     0.17355192
7606   56977     758     0.18946835
6017   56075     7     0.12088913
5965   56190     188     0.17253351
7606   56977     775     0.1623101
6017   56075     30     0.08137548
7606   56977     785     0.016713161
5965   56190     219     0.132346
6693   56384     514     0.29458702
6693   56384     534     0.29682276
3587   55182     392     0.2763757
5048   56218     993     0.0067681153
7606   56977     860     0.036524772999999996
6746   56386     439     0.31522834
3587   55182     452     0.15473881
5049   56103     29     0.08010931
7669   57329     748     0.028420847000000003
7669   57329     755     0.12069351
7669   57329     757     0.067014456
6746   56386     488     0.22906515
7669   57329     779     0.063254066
3587   55182     486     0.11757009
7669   57329     805     0.10864945
5049   56103     116     0.102723025
7669   57329     837     0.011975125
7669   57329     840     0.044542282999999995
6017   56075     278     0.016083313000000002
3587   55182     590     0.26882744
5049   56103     165     0.24075158
3587   55182     610     0.05991595
6017   56075     320     0.21011382
3683   55178     482     0.21109873
3587   55182     638     0.16365924
3587   55182     671     0.15266512
6693   56384     833     0.21672608
3587   55182     682     0.060544405
3587   55182     694     0.18865794
5138   55830     148     0.23213297
6017   56075     464     0.1332095
7670   57328     66     0.30420017
4415   55831     928     0.06861744
3587   55182     764     0.25822845
3587   55182     766     0.013859337
7670   57328     96     0.09662133
7670   57328     116     0.20656005
7607   56902     228     0.15327641
3587   55182     804     0.21454462
3587   55182     812     0.22315748
5965   56190     682     0.0635066
7670   57328     142     0.030307377000000003
5138   55830     286     0.060125697
7607   56902     273     0.040331322999999995
5049   56103     413     0.09424601
7670   57328     176     0.10641221
3683   55178     759     0.27566773
6746   56386     944     0.07606133
3683   55178     793     0.13115957
7670   57328     263     0.18322295
7670   57328     276     0.05846078
7670   57328     334     0.039982934
6694   56386     147     0.11218014
6017   56075     790     0.06361363
6017   56075     793     0.030821469
7607   56902     477     0.030748413999999998
7607   56902     479     0.015518818
6747   56388     150     0.01306594
7607   56902     566     0.1425078
7607   56902     608     0.20686768
6747   56388     258     0.075108886
6017   56075     977     0.117533915
7607   56902     653     0.041229557
7670   57328     602     0.23109052
7670   57328     614     0.020807685
7607   56902     720     0.047126777
3588   55184     296     0.27906993
5138   55830     836     0.1272467
7607   56902     746     0.042406547999999995
7670   57328     724     0.3041977
3588   55184     340     0.029950503
6018   56067     180     0.060910292000000005
5049   56103     932     0.025023075
7670   57328     799     0.041761495
3588   55184     445     0.21900174
6018   56067     296     0.22146383
7670   57328     874     0.027736036000000002
5139   55866     11     0.24112679
7607   56902     912     0.03747594
5050   56215     76     0.22729155
3683   55245     484     0.21111433
6747   56388     644     0.074370004
5050   56215     96     0.24047470000000004
7670   57328     952     0.2878456
7607   56902     991     0.039931815
3588   55184     560     0.24876563
5050   56215     136     0.3016586
3588   55184     572     0.0969076
7671   57360     11     0.017498833999999998
6747   56388     736     0.18702298
5050   56215     186     0.03826123
7671   57360     57     0.20565879999999997
5139   55866     206     0.12720475
5139   55866     212     0.065969914
6018   56067     497     0.036999237000000004
5966   56101     507     5.4882268e-05
7608   56945     102     0.082581066
5966   56101     538     0.13181145
3588   55184     685     0.19388588
6747   56388     871     0.13072778
3588   55184     714     0.15107393
5050   56215     325     0.03872432
3683   55245     793     0.13102812
6018   56067     658     0.036342658
3588   55184     798     0.24704179999999998
5139   55866     404     0.05451981
4417   55829     135     0.21194573
5966   56101     697     0.22208004
6018   56067     729     0.07423805
5139   55866     447     0.06304513
5050   56215     427     0.10260155
6018   56067     741     0.22186762
4364   55855     163     0.023713585
6018   56067     764     0.046482607999999995
6748   56371     79     0.2204252
6748   56371     86     0.27178457
6695   56628     144     0.06406822
3684   55246     14     0.16146435
5139   55866     593     0.059908427
6018   56067     886     0.1758517
5050   56215     591     0.22213311
6748   56371     229     0.2500325
5139   55866     652     0.06665666
5966   56101     915     0.239695
5139   55866     670     0.060138997
7671   57360     538     0.10173599
6018   56067     982     0.0063893683
6748   56371     271     0.17543319
3589   55186     96     0.11667280000000001
7671   57360     561     0.10076626400000001
6748   56371     296     0.008124959000000001
7608   56945     547     0.036517687
7608   56945     573     0.01773347
7671   57360     621     0.034853353999999996
6019   56074     46     0.18790244
5050   56215     770     0.013851665
6748   56371     406     0.08623625
7608   56945     662     0.24904029
5967   56063     98     0.04638953
7608   56945     679     0.20220706
5967   56063     127     0.16343364
3589   55186     274     0.013926474
6748   56371     492     0.0076884055
5967   56063     174     0.010823441999999999
5139   55866     948     0.008115248
5050   56215     932     0.16228215
6748   56371     576     0.24697378
3589   55186     374     0.01395472
3589   55186     406     0.08194739999999999
6019   56074     336     0.04042779
3684   55246     480     0.022004034
5050   56215     998     0.028243741
6748   56371     660     0.0012239489
6019   56074     382     0.061770957
7608   56945     886     0.2711114
3684   55246     530     0.20031308
3684   55246     533     0.19735445
3589   55186     470     0.17960076
6748   56371     714     0.30024382
3589   55186     490     0.044700842000000005
4417   55829     868     0.029157085
3589   55186     500     0.069484845
3684   55246     590     0.12064195
3589   55186     502     0.28898454
3684   55246     592     0.16125572
6019   56074     482     0.03226565
3589   55186     522     0.16551842
5051   56214     106     0.1521565
4417   55829     938     0.09214036
3589   55186     540     0.106716536
3589   55186     564     0.07620645
5967   56063     431     0.013810285
3589   55186     587     0.24709862
7672   57339     201     0.14035001
7672   57339     230     0.08358519
3589   55186     666     0.017961593
7672   57339     272     0.22338113
4364   55855     987     0.04326955
4418   55862     187     0.041086566
7672   57339     339     0.29573190000000005
7672   57339     341     0.14133954
4365   55539     84     0.021109639
3589   55186     800     0.12512033
5051   56214     378     0.15186419
5140   55836     554     0.17284806
3684   55246     985     0.07810552400000001
6019   56074     857     0.13901633
5967   56063     700     0.26714328
3589   55186     840     0.26300022
3686   55268     34     0.0014451117999999998
6696   56398     108     0.023963897
7672   57339     531     0.22571962
4365   55539     266     0.031404585
7672   57339     562     0.017871248
6696   56398     154     0.0047969436
3590   55201     28     0.106839694
5140   55836     747     0.01386273
5051   56214     612     0.23674315
7609   56959     480     0.05780332
7609   56959     504     0.15259488
6696   56398     224     0.28711495
6020   56087     78     0.18196465
4418   55862     503     0.2817638
7672   57339     668     0.0152964
7672   57339     685     0.017214755
3590   55201     156     0.1335836
3590   55201     166     0.06132729
5968   56356     49     0.25347817
5051   56214     762     0.114757605
7609   56959     634     0.27767867
7609   56959     670     0.18308602
5051   56214     819     0.29666388
6020   56087     197     0.1173497
3590   55201     274     0.21763916
3590   55201     300     0.13006897
6020   56087     245     0.06094812
7672   57339     823     0.015026433999999998
3590   55201     324     0.056544024000000005
3590   55201     325     0.2224533
6749   56370     566     0.027627151000000003
7672   57339     856     0.16511321
7609   56959     810     0.049485985
6696   56398     550     0.046367172000000005
3686   55268     450     0.050853014
3590   55201     448     0.10776708
6696   56398     602     0.04693134
6020   56087     349     0.12306151
6696   56398     608     0.23664938
3590   55201     459     0.11022361
3590   55201     473     0.30852440000000003
3590   55201     474     0.23433861
5968   56356     340     0.26845178
3590   55201     511     0.15094659
3590   55201     538     0.108804576
4365   55539     837     0.070950575
5968   56356     420     0.015953718000000002
7673   57329     102     0.048965737
5052   55857     165     0.22560322
4418   55862     974     0.07136375
3590   55201     604     0.2153885
6696   56398     762     0.02530506
3686   55268     730     0.021830922000000003
5052   55857     209     0.14188334
6020   56087     633     0.079785556
3590   55201     661     0.12538055
3590   55201     680     0.13061018
5052   55857     271     0.23340103
6696   56398     894     0.045847575999999994
7673   57329     300     0.04657744
7673   57329     308     0.04067105
3590   55201     760     0.15544543
7673   57329     318     0.045526
3590   55201     812     0.24428876
6020   56087     803     0.27416953
3590   55201     822     0.015390023000000001
4366   55536     124     0.040011
7673   57329     419     0.01092226
7673   57329     421     0.14375505
4419   55867     270     0.037289362
6697   56419     36     0.033091825
3686   55268     1000     0.049225982
6020   56087     864     0.046307635
4419   55867     290     0.038232565
3590   55201     898     0.1389608
5968   56356     766     0.02508615
7673   57329     466     0.014694713
3590   55201     930     0.07249361
3687   55269     55     0.1396091
7673   57329     496     0.17277268
3590   55201     966     0.17865704
6020   56087     928     0.018777732
7610   56980     434     0.02658518
5968   56356     868     0.15058064
6020   56087     958     0.2731537
6750   56367     252     0.30592635
6750   56367     254     0.06733303
3606   55182     16     0.077664055
7610   56980     470     0.03639232
7610   56980     488     0.059425365
6697   56419     218     0.07514932
3606   55182     76     0.30049956
6021   56067     24     0.3165498
5968   56356     956     0.024841743
6021   56067     38     0.22402443
3606   55182     116     0.29133338
3606   55182     132     0.31937715
7673   57329     669     0.14108595
3606   55182     172     0.042224295
7610   56980     614     0.037225094
5141   55746     828     0.053865064000000004
7610   56980     642     0.031957503
3606   55182     203     0.2464129
4366   55536     492     0.02994696
7673   57329     719     0.1520174
3606   55182     259     0.13473535
6750   56367     509     0.06508999
5969   56069     172     0.021474559
7673   57329     842     0.017452864
5052   55857     952     0.048264097
4366   55536     684     0.06370205
5969   56069     312     0.02775435
7673   57329     968     0.27073714
5053   56213     54     0.15245186
6697   56419     642     0.0753663
6750   56367     751     0.064085074
4366   55536     828     0.06396973
7610   56980     983     0.039100975
5053   56213     127     0.12724388
7674   57359     97     0.24658355
3606   55182     582     0.06991913
7674   57359     124     0.23860379
5142   55825     274     0.18447907
5053   56213     207     0.19889615
6021   56067     574     0.15636313
7611   56946     80     0.018179495
3687   55269     746     0.21609612
3606   55182     684     0.24049383
7674   57359     191     0.09479179
3687   55269     765     0.05664021
3687   55269     770     0.16142379999999998
4420   55883     58     0.06144963
5969   56069     578     0.053769737000000005
6021   56067     658     0.15645146
7674   57359     286     0.17595094
6021   56067     746     0.0507989
7611   56946     232     0.005911965
6697   56419     948     0.032329157000000004
3606   55182     814     0.17895213
5053   56213     390     0.109362885
3687   55269     944     0.0018490935999999998
7674   57359     396     0.017433275
7674   57359     402     0.08993832
5142   55825     545     0.09529204
6021   56067     832     0.03299355
7611   56946     302     0.006077945
7674   57359     429     0.01583737
6698   56637     24     0.026793715
5142   55825     583     0.046277545
7674   57359     480     0.023116453
6751   56368     244     0.015690215
5053   56213     548     0.10549381
7611   56946     417     0.056868285
6021   56067     986     0.11693137
7674   57359     578     0.27601218
5053   56213     591     0.048551194000000006
6751   56368     324     0.027152807
6698   56637     186     0.021324895
5142   55825     829     0.24997635
5053   56213     695     0.30213470000000003
5053   56213     755     0.13567033
7611   56946     698     0.032655336
4420   55883     702     0.039424113999999996
5143   55828     5     0.15082571
7611   56946     751     0.036607827999999995
4367   55566     604     0.0817896
5053   56213     926     0.037974193999999996
6022   56076     336     0.031172777000000002
5053   56213     941     0.09427744
3609   55201     376     0.041596144
3609   55201     386     0.0782547
3688   55273     545     0.13489069
7611   56946     840     0.2892692
6022   56076     420     0.026749743
3609   55201     407     0.04348303
7675   57327     10     0.01600143
3609   55201     450     0.24166854
3609   55201     454     0.22712992
6022   56076     489     0.12087388
6751   56368     802     0.07204269
6022   56076     510     0.25457606
6698   56637     644     0.010023737
6022   56076     530     0.08686836
7611   56946     946     0.037555754
5143   55828     251     0.13730223
7611   56946     970     0.029627297
7611   56946     976     0.30211997
5054   56191     125     0.036810122
4367   55566     842     0.13311715
7611   56946     998     0.01543379
7675   57327     195     0.2383723
6022   56076     640     0.07239034
3609   55201     590     0.07873155
7612   56972     57     0.12522422
3688   55273     864     0.20127509999999998
6022   56076     757     0.19101931
7675   57327     396     0.02397245
3609   55201     704     0.04150574
6752   56366     123     0.035064637999999995
3688   55273     974     0.0017449337
7675   57327     414     0.051113467999999995
5970   56046     633     0.30734187
7675   57327     504     0.04242717
3609   55201     790     0.060434088
3609   55201     798     0.212705
7675   57327     535     0.05233727
6752   56366     268     0.03910248
7675   57327     568     0.023968752000000003
5970   56046     715     0.16328192
3689   55180     133     0.27719644
3609   55201     872     0.019753418999999998
4421   55858     460     0.06145829
3689   55180     178     0.2818283
4421   55858     472     0.15563747
6752   56366     338     0.0080622975
5970   56046     796     0.04613418
3689   55180     226     0.24160501
7612   56972     415     0.023772104
7612   56972     428     0.019184543000000002
5970   56046     872     0.024206202000000003
7612   56972     457     0.20785365
5054   56191     598     0.009985337
7612   56972     464     0.16925892
3615   55179     44     0.054483555
7675   57327     752     0.23934585
7612   56972     514     0.07774218
7612   56972     522     0.13463677
7675   57327     764     0.08153298
5054   56191     660     0.14432351
4368   55559     377     0.09717196
3615   55179     92     0.03250533
3689   55180     358     0.101269476
3615   55179     115     0.24509358
6699   56411     271     0.20566109999999999
6023   56069     240     0.06730323
3615   55179     138     0.21727271
7612   56972     598     0.29293942
4368   55559     462     0.06380910000000001
3615   55179     178     0.21755904
7612   56972     636     0.09939198
3615   55179     286     0.07412005
7612   56972     751     0.10082109
7612   56972     752     0.035435133
6699   56411     470     0.28767747
4421   55858     981     0.14414442
3615   55179     352     0.20648739
7612   56972     792     0.020305699
7612   56972     795     0.03489234
3615   55179     362     0.10819892
3615   55179     364     0.09619353
3615   55179     366     0.095531054
7676   57329     190     0.08171628
3615   55179     384     0.07217986
6023   56069     663     0.09503814599999999
7612   56972     838     0.16558942
5144   55829     387     0.15084143
7612   56972     858     0.1820197
7676   57329     360     0.29716155
6699   56411     628     0.16061696
7612   56972     922     0.031314585
3615   55179     485     0.25417012
7612   56972     942     0.09851865
3689   55180     969     0.24878760000000003
3615   55179     526     0.11325944
4422   55533     274     0.23092258
6023   56069     864     0.012350793
3615   55179     574     0.14005439
6753   56399     178     0.027290756
3615   55179     582     0.2170029
5144   55829     612     0.13836196
6699   56411     752     0.177162
3615   55179     607     0.30575749999999996
3615   55179     613     0.16409141
5055   55889     200     0.0752693
7676   57329     511     0.1486537
3615   55179     639     0.19226970000000002
4368   55559     938     0.055893137999999995
5970   56072     555     0.20658556
7613   56988     174     0.04091475
6753   56399     308     0.052717328
3615   55179     748     0.14892066
5970   56072     635     0.30736756
3615   55179     808     0.16456343
6753   56399     388     0.0088045355
5970   56072     719     0.16336635
6753   56399     402     0.029590247000000004
6024   56088     120     0.03339747
7613   56988     338     0.046344202
5970   56072     784     0.04617824400000001
3690   55182     296     0.06662045400000001
3615   55179     958     0.020924937
4369   55827     256     0.08479952
5970   56072     872     0.024247783999999998
3690   55182     388     0.30511109999999997
6700   56384     190     0.024407044
7613   56988     491     0.18229559
7676   57329     852     0.13385004
6024   56088     282     0.017383462
6024   56088     284     0.11691466
6700   56384     222     0.024372187000000003
3615   55208     86     0.03251593
7676   57329     896     0.24807085
3615   55208     90     0.233569
6753   56399     634     0.05568481
3615   55208     112     0.28603604
5055   55889     708     0.07982813
3615   55208     136     0.21728532
6700   56384     310     0.021842696
6024   56088     394     0.08483651
6024   56088     468     0.06970458
3615   55208     242     0.005560086
3690   55182     754     0.06434136
7677   57363     226     0.06031008400000001
3615   55208     317     0.29889983
5145   55835     372     0.22978320000000002
3615   55208     362     0.10819836
3615   55208     378     0.09554356
3615   55208     388     0.072188936
7613   56988     844     0.13715613
4423   55889     174     0.06900776
5056   55921     28     0.016193568999999998
4423   55889     218     0.04193432
3690   55182     940     0.11791418
7613   56988     913     0.02431662
6024   56088     822     0.25176314
6700   56384     634     0.19437367
7613   56988     935     0.03752686
3615   55208     511     0.04057861
4423   55889     275     0.18914798
4423   55889     288     0.20849915
7613   56988     970     0.23127136
3615   55208     532     0.113425665
4369   55827     820     0.01763188
5971   56064     420     0.03708051
3615   55208     564     0.14002302
5145   55835     623     0.21815848
7614   57307     26     0.3039304
6024   56088     940     0.033057835
3615   55208     609     0.16410875
7677   57363     543     0.12670292
3615   55208     637     0.19225479999999998
7677   57363     610     0.2614294
6025   56098     51     0.24685346
3615   55208     750     0.14889735
6700   56384     910     0.007449949599999999
6025   56098     117     0.28270233
4370   55534     72     0.043290827000000004
7677   57363     697     0.04862425
3615   55208     808     0.16452092
3691   55274     326     0.055793962999999995
6701   56367     5     0.08666275400000001
4370   55534     150     0.013111905
7614   57307     314     0.09187438
7614   57307     340     0.0262259
6025   56098     212     0.25455907
7677   57363     808     0.08494897
5056   55921     498     0.14192519
3691   55274     379     0.20307337
7614   57307     392     0.028533885
3615   55208     958     0.02094677
7677   57363     885     0.11901297
4423   55889     747     0.12017387
7614   57307     484     0.027512949
3615   55445     48     0.05446402
3615   55445     90     0.23353587
6754   56414     704     0.086183645
3615   55445     92     0.03248162
7677   57363     992     0.058471315
7677   57363     996     0.28645653
3615   55445     115     0.24524766
3691   55274     604     0.29205182
3615   55445     138     0.21726117
4423   55889     902     0.12254811
6025   56098     524     0.03313344
5056   55921     749     0.19223763
6754   56414     828     0.015406758500000001
7614   57307     630     0.08425512
3691   55274     740     0.023095576
3615   55445     250     0.0055517857
3615   55445     254     0.18438691
3615   55445     286     0.074115925
5972   56334     150     0.24871379
7678   57282     280     0.30959883
6754   56414     998     0.03057381
5972   56334     169     0.09056216
6755   56413     56     0.27144609999999997
3615   55445     350     0.20653628
3615   55445     368     0.10818357
3615   55445     372     0.09556207
3615   55445     386     0.07217658
5146   55831     554     0.060362685
7678   57282     453     0.034488723
6025   56098     884     0.25326467
7614   57307     949     0.28802514
3615   55445     513     0.040636137
3615   55445     534     0.11337551
7678   57282     568     0.08257853
3615   55445     564     0.14005351
6755   56413     316     0.023414982
4424   55532     466     0.047754806
3615   55445     609     0.16416013
5057   56209     186     0.26507542
6026   56071     60     0.027530968
7678   57282     642     0.03210584
6701   56367     795     0.23571550000000002
7678   57282     658     0.28714103
5057   56209     260     0.06317682599999999
7678   57282     692     0.049674645
4371   55830     28     0.13181096
4371   55830     40     0.2637954
3615   55445     772     0.2457874
7615   56977     210     0.09796351
6701   56367     930     0.02208775
3692   55186     338     0.04553801
3615   55445     814     0.1645937
3692   55186     374     0.051003005
7615   56977     278     0.08423136
7615   56977     298     0.17394578
6026   56071     278     0.052421555
3692   55186     420     0.039996266
3692   55186     475     0.0075879917
3615   55445     954     0.020972526000000002
7678   57282     932     0.03907475
7678   57282     935     0.24113326
6026   56071     367     0.02898525
4424   55532     808     0.24883354
7678   57282     960     0.06694816
6026   56071     384     0.034026697
6026   56071     400     0.09857547
3615   55856     48     0.05447959
5147   55854     159     0.06072743
3615   55856     90     0.032506562999999995
3615   55856     92     0.23349153
3692   55186     605     0.23046799
3615   55856     115     0.24513343
3615   55856     138     0.21729493
7615   56977     592     0.098115884
6702   56381     324     0.23256752
5973   56067     52     0.025541268
4424   55532     997     0.121464275
4425   55864     18     0.28334713
3615   55856     250     0.005531798
7615   56977     708     0.016916396
3615   55856     284     0.07411260000000001
3615   55856     317     0.29890257
6755   56413     960     0.033240087
3692   55186     830     0.20113176
3615   55856     362     0.10816928
3615   55856     364     0.096198775
3615   55856     368     0.09550709
5973   56067     336     0.27733147
4371   55830     764     0.26637587
3692   55186     955     0.22263964
4371   55830     779     0.08249538
6702   56381     656     0.09935893
3615   55856     517     0.040641132999999996
4371   55830     809     0.22587082
5147   55854     567     0.13367173
7615   56977     984     0.13975795
3615   55856     562     0.14001067
6702   56381     714     0.064164765
5973   56067     446     0.07497415
3615   55856     611     0.16411331
6026   56071     927     0.027755923999999998
6702   56381     777     0.13475281
4371   55830     922     0.15343954
3615   55856     637     0.19234435
3615   55856     638     0.3190107
5147   55854     732     0.049273957
6702   56381     946     0.028204043999999998
3615   55856     808     0.16460896
4425   55864     495     0.09667888
6756   56426     382     0.09882664
4425   55864     516     0.03757711
5058   56208     437     0.06777148
7679   57367     693     0.04077396
6703   56636     20     0.24887508
6027   56103     132     0.06001466
4372   55541     200     0.073441975
4425   55864     595     0.26306105
4372   55541     214     0.06938243
4425   55864     608     0.26718184
4372   55541     240     0.08832426
4425   55864     666     0.039931997999999996
3615   55856     980     0.02098478
5973   56067     870     0.024600277
7616   56902     458     0.057772867
3615   56219     50     0.05444441
7679   57367     879     0.27567440000000004
3615   56219     90     0.032476764
3615   56219     94     0.23344518
7616   56902     542     0.03048927
3615   56219     113     0.24520695
7679   57367     930     0.26558003
5058   56208     695     0.095937446
4372   55541     412     0.13170141
4372   55541     419     0.26380727
3615   56219     138     0.21727434
7679   57367     960     0.032503627
6756   56426     678     0.12365607
3615   56219     166     0.21751201
6027   56103     414     0.17932406
3693   55208     560     0.002003196
6703   56636     334     0.063536756
3693   55208     586     0.12731087
6027   56103     448     0.072175905
7616   56902     666     0.19646509
4372   55541     529     0.15278141
3615   56219     250     0.005572268000000001
7681   57042     57     0.045453135
7616   56902     702     0.055945925
3615   56219     294     0.0741266
7616   56902     739     0.19111615
7681   57042     103     0.30602437
3615   56219     317     0.29887357
3615   56219     346     0.20647806
5058   56208     933     0.10411072
3615   56219     372     0.10819226
3615   56219     374     0.09550629599999999
3615   56219     392     0.07216447
6703   56636     557     0.0033314861
5974   56314     316     0.022614235
4372   55541     762     0.078796245
3615   56219     513     0.040598888
4372   55541     812     0.013645398999999999
3615   56219     532     0.113433585
3693   55208     925     0.23223868
3615   56219     564     0.1400835
3615   56219     607     0.3057533
3615   56219     609     0.1641164
7617   56949     49     0.014992315
6027   56103     886     0.07128265
7681   57042     489     0.034116834
3694   55209     56     0.023808895
7681   57042     522     0.19630815
4372   55541     960     0.18881543
7681   57042     530     0.086755104
3694   55209     105     0.27181134
3694   55209     109     0.07569026
3615   56219     746     0.14903405
7681   57042     610     0.3064917
3615   56219     776     0.24578966
6757   56416     344     0.16594444
5148   56220     774     0.004395244
7681   57042     643     0.038982525
3694   55209     211     0.19423813
4373   55811     89     0.14042237
3615   56219     810     0.16456681
5059   56190     410     0.0858151
6757   56416     428     0.029730002999999998
7617   56949     288     0.30126435
6757   56416     480     0.16591470000000003
7617   56949     336     0.14081416
6757   56416     520     0.055893477000000004
6757   56416     546     0.029906241
4373   55811     230     0.07567798
7681   57042     848     0.26058602
6028   56102     280     0.07500114
3615   56219     978     0.02097273
7617   56949     425     0.24583603
6028   56102     305     0.077024266
6757   56416     598     0.23735932
7617   56949     448     0.13255262
7681   57042     892     0.038974732000000005
3615   56544     48     0.054516442000000005
6028   56102     384     0.1239611
3615   56544     98     0.23352073
3615   56544     100     0.032494422
3615   56544     119     0.24513733
3615   56544     122     0.2331792
6757   56416     725     0.19689684
3615   56544     134     0.21727706
6028   56102     459     0.30919152
6757   56416     766     0.20988669
3694   55209     616     0.15107843
6757   56416     774     0.064009316
7682   57415     76     0.02747778
7682   57415     86     0.062423545999999996
6028   56102     550     0.12500471
6704   56388     378     0.13908193
6028   56102     588     0.03013346
6704   56388     406     0.28873047
3615   56544     258     0.0055333953000000005
3694   55209     754     0.21490374
3615   56544     282     0.07412838
4373   55811     617     0.22180878
6757   56416     972     0.23420647
3694   55209     821     0.05093981
3615   56544     348     0.20653145
7617   56949     798     0.14093474
3615   56544     362     0.10817244
3615   56544     374     0.09550931
3615   56544     376     0.09619015
3615   56544     398     0.07214901
3694   55209     904     0.18101498
3694   55209     930     0.14188969
7617   56949     892     0.27873448
7617   56949     924     0.18619642
4373   55811     774     0.06490893
4373   55811     775     0.14140531
3615   56544     531     0.04062404
3615   56544     542     0.11340835
6704   56388     706     0.055463507999999995
3615   56544     568     0.2169317
5149   55944     591     0.025998313
3615   56544     582     0.14007977
5149   55944     606     0.026452936
7618   56898     51     0.079546645
3615   56544     617     0.19232963
3615   56544     621     0.16414236
3615   56544     633     0.30574012
5149   55944     673     0.0837881
5060   56181     249     0.07565668
3695   55212     116     0.18122461
5149   55944     703     0.20606755
7618   56898     153     0.056169417
7682   57415     586     0.053945158
6704   56388     884     0.13868232
5060   56181     309     0.17764702
7618   56898     182     0.08062265
7682   57415     607     0.067186356
7618   56898     187     0.14025520000000002
4427   56107     461     0.14227971
7618   56898     193     0.14042912
7682   57415     624     0.14939208
3615   56544     758     0.14892522
7618   56898     200     0.08145401599999999
7682   57415     630     0.2748297
3695   55212     192     0.14150731
3695   55212     218     0.26277095
3615   56544     796     0.24577716
7618   56898     264     0.10305081
3615   56544     826     0.16462213
7618   56898     276     0.3032887
6029   56099     143     0.11566559
4427   56107     581     0.05936458
6705   56636     40     0.035907164
5149   55944     900     0.028545419
4374   55883     223     0.06879928
4374   55883     234     0.052616935
3615   56544     960     0.020994669
7618   56898     454     0.056761675
4427   56107     701     0.21420613
5975   56334     910     0.022254227
6029   56099     358     0.05797298
7682   57415     946     0.068493605
3695   55212     516     0.042512725999999994
3639   55205     112     0.1258437
6705   56636     264     0.00939599
4427   56107     810     0.07676319999999999
5150   56329     128     0.008403541
5150   56329     164     0.08745684
7618   56898     633     0.16752899999999998
3639   55205     210     0.15541689
7618   56898     714     0.009062249
3695   55212     693     0.22170095
5976   56356     180     0.0010427155
4374   55883     609     0.14477159
3695   55212     720     0.080145724
6029   56099     590     0.019548766000000002
7618   56898     770     0.16650254
3695   55212     732     0.07469696599999999
3695   55212     738     0.25849146
5060   56181     943     0.022309937000000002
5976   56356     228     0.2709493
5976   56356     236     0.04037255
7618   56898     828     0.015786693
6029   56099     636     0.057924292999999995
3639   55205     430     0.08165425
3639   55205     435     0.22191949
5976   56356     322     0.02331598
5976   56356     342     0.08125686
5150   56329     439     0.04595944
3639   55205     538     0.30161940000000004
6705   56636     691     0.02803827
7684   57286     343     0.101632304
4428   56189     200     0.30233732
6705   56636     697     0.07751689
3695   55212     932     0.109795615
3639   55205     563     0.25211206
7619   56900     10     0.041805945
7619   56900     25     0.10493869
5150   56329     575     0.27539325
3639   55205     658     0.30011013
5976   56356     556     0.023466846
7619   56900     144     0.16460757
6705   56636     900     0.050805293
4428   56189     386     0.050068013
5150   56329     690     0.195598
6705   56636     936     0.049072284
7684   57286     608     0.10917383
6030   56097     37     0.07356396
3639   55205     802     0.10594112
6030   56097     52     0.034573834
3696   55277     202     0.16042781
6759   56416     384     0.025749087
5150   56329     865     0.21965975
3696   55277     300     0.30310940000000003
3696   55277     316     0.02357916
4428   56189     615     0.083013654
7684   57286     771     0.31207356
6030   56097     207     0.07195373599999999
3639   55205     938     0.16592774
4428   56189     652     0.15196428
5061   55806     540     0.24130749999999998
7619   56900     426     0.014746743
3647   55181     4     0.054447062000000004
5151   56567     58     0.025174515
5976   56356     886     0.09241999
3647   55181     52     0.032507967
7684   57286     979     0.23567800000000003
5976   56356     966     0.022978524
3647   55181     118     0.21724653
3647   55181     122     0.28580812
4375   55889     412     0.27169484
3696   55277     618     0.2964241
3647   55181     133     0.24517998
6706   56385     286     0.16369535
6030   56097     490     0.05850515
6706   56385     307     0.08201851
4375   55889     452     0.10672508
4375   55889     476     0.10929205
7685   57062     100     0.26559213
7685   57062     117     0.287559
4375   55889     510     0.06247338
5151   56567     276     0.24788943
4375   55889     521     0.22712742
3647   55181     244     0.0055325534
3696   55277     726     0.1328127
3647   55181     256     0.18436174
3696   55277     742     0.23928759
3647   55181     286     0.074111104
3647   55181     315     0.29884648
5151   56567     358     0.24358945
7619   56900     770     0.30617034
6706   56385     491     0.24776869
6759   56416     962     0.015942413
3647   55181     364     0.108186595
3647   55181     368     0.09550491
3696   55277     830     0.283058
5151   56567     412     0.30123797
7619   56900     830     0.040959626
5151   56567     428     0.10434310000000001
4440   55539     140     0.014855557
5977   56098     261     0.1147637
7619   56900     864     0.15816227
5062   55803     17     0.20823707
7685   57062     360     0.09471355
5062   55803     51     0.23634286
6030   56097     792     0.024529843
6760   56425     85     0.211945
7685   57062     381     0.3145845
7685   57062     384     0.23682640000000002
3647   55181     512     0.040493604
3696   55277     972     0.051850956
7619   56900     962     0.08262545
3647   55181     535     0.1134083
6706   56385     714     0.2474031
6030   56097     913     0.17653963
3647   55181     608     0.16407613
3647   55181     634     0.1922516
7620   56904     84     0.058042425999999994
4375   55889     947     0.19552999999999998
7685   57062     519     0.29948995
4440   55539     379     0.2549731
6760   56425     256     0.008262041999999999
7620   56904     152     0.30850285
3647   55181     748     0.1489834
4440   55539     417     0.076572135
6760   56425     298     0.01654566
4440   55539     435     0.09439834
7620   56904     233     0.2580522
6031   56091     17     0.30143803
6706   56385     958     0.021320947000000003
3647   55181     808     0.16455111
6706   56385     971     0.021480462000000002
7620   56904     276     0.21803191
7620   56904     278     0.05498862
3697   55290     214     0.051883745999999994
7620   56904     298     0.20235735
4440   55539     545     0.094470814
5062   55803     473     0.060370572000000004
7620   56904     350     0.008698118000000001
3647   55181     950     0.02088813
6031   56091     177     0.28540415
6707   56383     113     0.28682446
4440   55539     621     0.30882746
6760   56425     498     0.030930381
3647   55241     8     0.05449059
3647   55241     44     0.23356007
3647   55241     46     0.032510716
4440   55539     677     0.28862488
5151   56567     982     0.26947459999999995
5062   55803     651     0.17185599999999998
3697   55290     436     0.28308383
6031   56091     310     0.033617944
3647   55241     120     0.21722606
6707   56383     275     0.31635597
3647   55241     124     0.28586102
6707   56383     280     0.0042972309999999994
7685   57062     920     0.061781947000000004
3647   55241     135     0.24506956
7620   56904     576     0.31819108
5152   56010     114     0.20628986
7620   56904     646     0.05513008
7620   56904     666     0.28834406
3647   55241     252     0.0055527412
7620   56904     718     0.10467559
3697   55290     692     0.18392222
3647   55241     292     0.07411677
5152   56010     273     0.28210422
5062   55803     883     0.26334634
4440   55539     993     0.18505576
3647   55241     315     0.29885858
7620   56904     759     0.17705438
4441   55532     28     0.28057075
3647   55241     332     0.096168734
4441   55532     34     0.014562721
6760   56425     927     0.082377456
3647   55241     354     0.2065444
3647   55241     364     0.1081798
3647   55241     368     0.09551618
7686   57015     248     0.06167704
6031   56091     693     0.060787402000000004
5152   56010     452     0.04596393
7620   56904     858     0.06538117
5978   56073     306     0.1293487
3697   55290     916     0.18561047
7620   56904     911     0.08882672
6780   56267     110     0.25245526
6780   56267     111     0.071541525
3647   55241     512     0.040459257
7620   56904     958     0.069102846
3647   55241     527     0.11335348
6780   56267     158     0.26218474
7620   56904     974     0.06794775
6031   56091     898     0.058740165
3647   55241     581     0.21693914
3698   55501     46     0.05390231
6780   56267     209     0.2933594
6780   56267     217     0.23973101
3647   55241     618     0.16408356
3647   55241     636     0.19227239999999998
4441   55532     394     0.07343454
3647   55241     648     0.26934475
7686   57015     566     0.13910206
6780   56267     282     0.0058693574
4441   55532     441     0.24696292
6780   56267     314     0.21613720000000003
6032   56067     37     0.042267807000000004
7621   56985     178     0.028519744
6707   56383     892     0.058783084000000006
7686   57015     640     0.07229411599999999
3647   55241     750     0.14903232
7621   56985     196     0.31874707
6780   56267     390     0.060506877
6780   56267     463     0.20848756
3647   55241     802     0.16457607
6780   56267     506     0.10774412
7686   57015     794     0.026279442000000004
7621   56985     285     0.042431217
7686   57015     818     0.13056529
6780   56267     532     0.22790198
7686   57015     832     0.23499651
7686   57015     838     0.12188165
3698   55501     410     0.064723
7686   57015     852     0.12164664
6780   56267     574     0.19577374
6780   56267     633     0.26653382
3647   55241     956     0.020907963
6780   56267     646     0.29915196
6780   56267     663     0.29108873
4441   55532     807     0.16733703
6780   56267     673     0.20063919
4441   55532     812     0.26515195
6780   56267     677     0.18939999
6032   56067     400     0.035903715
3647   55476     50     0.05449028
7621   56985     510     0.25910723
6780   56267     761     0.0415221
3647   55476     96     0.032492965
4377   55828     393     0.20780861
6780   56267     776     0.31232277
6708   56452     262     0.12168565
6780   56267     779     0.24578512
7687   57007     72     0.034988306000000004
3647   55476     117     0.24508463
6780   56267     790     0.18598458
6780   56267     796     0.25471398
5153   56577     224     0.026074907
6780   56267     816     0.020638222
6780   56267     831     0.26640233
3647   55476     138     0.2172218
5979   56329     12     0.26399609999999996
7621   56985     604     0.2561402
7621   56985     608     0.07487605
4377   55828     471     0.23123021
6032   56067     601     0.31234702
6780   56267     901     0.29611987
6780   56267     915     0.14184834
5153   56577     340     0.04505445
3647   55476     256     0.005555549
7687   57007     226     0.12161607
6708   56452     416     0.28391775
6032   56067     654     0.2039199
6708   56452     418     0.04085407
7687   57007     235     0.11977853
3647   55476     284     0.074118644
3647   55476     315     0.29886985
6780   56267     978     0.28719544
3647   55476     328     0.09616509
7621   56985     773     0.027529947000000003
7621   56985     774     0.1559973
5153   56577     427     0.22877438
7687   57007     326     0.15328972
6708   56452     507     0.09042380000000001
7621   56985     796     0.12215127
6780   56577     40     0.17889549999999999
3647   55476     364     0.09550360000000001
3647   55476     368     0.108196184
7621   56985     814     0.054403387000000004
6780   56577     103     0.07152362
6780   56577     108     0.25241026
7621   56985     854     0.028302044
5979   56329     298     0.25451013
7687   57007     416     0.29118896
6780   56577     158     0.26223236
5064   55864     51     0.18140498
3699   55517     15     0.20466289
6032   56067     884     0.11851213
6780   56577     205     0.29337594
5979   56329     379     0.19822083
6708   56452     669     0.14227368
5153   56577     637     0.09598781
3647   55476     526     0.04056918
6780   56577     219     0.23972791
6032   56067     956     0.30540812
6780   56577     246     0.005381554
7621   56985     999     0.2738503
3647   55476     565     0.21696883
6780   56577     284     0.0058811763
5979   56329     446     0.06751561
3647   55476     588     0.14000802
6708   56452     756     0.046949964000000004
5064   55864     189     0.06468701
7687   57007     600     0.07039478
4442   55532     453     0.19692527
3647   55476     630     0.16411127
4377   55828     951     0.12840062
7622   56987     107     0.16869287
6780   56577     395     0.27790758
5064   55864     260     0.22008225
7622   56987     135     0.21582364
6033   56069     167     0.13025081
7622   56987     150     0.042932372999999996
7687   57007     761     0.12039086
5064   55864     297     0.23375136
6780   56577     503     0.21653305
6780   56577     520     0.10774816
6780   56577     522     0.22795816
6780   56577     524     0.17806865
6780   56577     536     0.21725437
6780   56577     569     0.19082463
4378   55853     82     0.016535223
3647   55476     800     0.24576586
5153   56577     999     0.24364477
7622   56987     245     0.07533112
6033   56069     295     0.13780609
3647   55476     826     0.16456287
6780   56577     627     0.26647303
5154   55864     64     0.3007613
6780   56577     642     0.2991512
6709   56429     29     0.13720115
6780   56577     665     0.291049
6709   56429     44     0.28864533
6780   56577     675     0.18941431
7687   57007     964     0.058116786
6780   56577     684     0.30378190000000005
6033   56069     437     0.08683564
3647   55476     954     0.02095321
6780   56577     751     0.12800391
7622   56987     411     0.0633405
6780   56577     761     0.041525114
6780   56577     768     0.31232685
7622   56987     428     0.03699467
6780   56577     796     0.25469622
6780   56577     814     0.020652005
6780   56577     823     0.26640782
3647   55827     48     0.054446258
7622   56987     494     0.05458448
6780   56577     869     0.18569535
5064   55864     649     0.122183554
3647   55827     86     0.23352525
3647   55827     90     0.03248049
6780   56577     905     0.29608124
5064   55864     673     0.16078642
6709   56429     251     0.1862802
6780   56577     909     0.14187701
5154   55864     338     0.02483938
3647   55827     113     0.24513243
6709   56429     267     0.066734575
6033   56069     650     0.0062484509999999995
3647   55827     140     0.21724808
6780   56577     952     0.28727055
7622   56987     610     0.30282038
6709   56429     328     0.18110694
7688   57360     269     0.24768707
6709   56429     336     0.06854569
3699   55517     842     0.017884301000000002
5154   55864     419     0.121156506
5064   55864     809     0.061815325
4378   55853     538     0.053206305999999995
3647   55827     254     0.0054987733999999995
3647   55827     294     0.07409593
6780   56605     104     0.25237423
4378   55853     597     0.30383933
3647   55827     315     0.29890004
6780   56605     111     0.071545914
3699   55517     966     0.10130616
6780   56605     158     0.26217845
6780   56605     164     0.1604089
7622   56987     792     0.07261647
3647   55827     364     0.10819665
3647   55827     366     0.09550206
7622   56987     810     0.06128201
6780   56605     209     0.29343107
3647   55827     384     0.07216005
6780   56605     217     0.23974770000000004
6033   56069     948     0.059041332
6780   56605     282     0.005856425
7622   56987     896     0.06174397
7688   57360     640     0.18032797
3647   55827     512     0.040606252999999995
4443   55539     508     0.29773676
6780   56605     390     0.060553253
6780   56605     395     0.27790385
3647   55827     533     0.113444045
7688   57360     711     0.17833522
3647   55827     593     0.21698506
7688   57360     764     0.08709704
3700   55542     343     0.08448291
3647   55827     608     0.16412064
4443   55539     650     0.058403215999999994
7688   57360     857     0.033907615
6034   56103     280     0.047757555
5980   56338     514     0.0010883771
3700   55542     427     0.1340632
6709   56429     832     0.12542772
7688   57360     900     0.19265702
7688   57360     906     0.04343746
7623   56901     142     0.05497771
6780   56605     643     0.29103202
6780   56605     655     0.1893858
6780   56605     666     0.29916903
5065   55739     305     0.106553495
6034   56103     410     0.036127355
6780   56605     706     0.30381566
3647   55827     752     0.149047
5155   55946     154     0.029927883
6709   56429     918     0.06641139
6780   56605     751     0.24402028
6780   56605     757     0.12798110000000001
3647   55827     776     0.24579439
7623   56901     222     0.059777174
6780   56605     781     0.041508976
4379   55881     80     0.054265194
6780   56605     798     0.3123152
3647   55827     808     0.16458756
3700   55542     653     0.09900866
6780   56605     826     0.020653741
4379   55881     128     0.09465881
5155   55946     296     0.1457286
5155   55946     302     0.30949724
7623   56901     343     0.12491497
6780   56605     913     0.29610285
5065   55739     485     0.06978061
6780   56605     919     0.14183868
6034   56103     648     0.06035087
6780   56605     950     0.28722644
5155   55946     384     0.31243777
6780   56605     968     0.020454563000000002
3647   55827     976     0.02099005
3647   55945     8     0.054455052999999996
5155   55946     452     0.11935387
6034   56103     750     0.23986100000000002
5155   55946     512     0.26493
4379   55881     368     0.12591682
4379   55881     383     0.30236349
3647   55945     98     0.21724738
6710   56416     277     0.27346040000000005
4444   55538     297     0.16609001
7623   56901     564     0.24437566
6034   56103     895     0.06593721
3647   55945     148     0.28586888
3647   55945     155     0.24521773
6034   56103     905     0.15085852
4444   55538     333     0.17298105
6781   56274     227     0.23569864
6781   56274     239     0.3180373
4379   55881     488     0.06164972
3647   55945     208     0.0055306675
3647   55945     248     0.07415371400000001
5065   55739     831     0.17830724
6710   56416     422     0.07129269
3647   55945     284     0.09618191
5981   56340     145     0.23904954
4379   55881     577     0.06060754
7623   56901     722     0.29005888
6781   56274     320     0.2078525
6781   56274     321     0.26481596
7690   57046     626     0.055586625
7623   56901     762     0.094643384
3647   55945     324     0.10819775599999999
3647   55945     328     0.09551859
7623   56901     774     0.24861917
5065   55739     932     0.08463321
3647   55945     392     0.20648125
5155   55946     832     0.0077575534
7690   57046     697     0.20440769
7623   56901     841     0.03874144
7623   56901     846     0.037836377000000004
5155   55946     860     0.028731076
3647   55945     430     0.07213193
5155   55946     869     0.030038409
6781   56274     453     0.13288763
5155   55946     882     0.030539231
4444   55538     599     0.18004242
5155   55946     931     0.2624187
6781   56274     508     0.22040639999999997
3647   55945     515     0.11338089999999999
7690   57046     815     0.042591422999999996
5066   55749     108     0.015409532
3647   55945     549     0.024517188
3647   55945     556     0.040554232999999995
6035   56076     284     0.060424507
5156   55925     16     0.04418435
3701   55540     456     0.26222086
7690   57046     914     0.14097059
5066   55749     195     0.16000279999999997
3647   55945     627     0.21693249999999997
5156   55925     85     0.031529657999999995
5156   55925     86     0.03142424
3647   55945     678     0.19224319
5156   55925     104     0.041553862000000004
3647   55945     680     0.318799
6781   56274     702     0.29359794
7690   57046     996     0.23030695
6781   56274     711     0.29398668
6781   56274     712     0.14050163
6781   56274     716     0.29597607
7691   57040     60     0.049068645
6781   56274     776     0.18116595
3701   55540     640     0.1377316
6781   56274     800     0.18131727
6781   56274     803     0.022070312999999998
7691   57040     107     0.22857280000000002
7691   57040     117     0.105249755
6781   56274     831     0.2468725
5156   55925     283     0.069037005
5156   55925     290     0.075289145
6781   56274     892     0.04643693
7624   57039     376     0.30436593
5981   56340     812     0.0027482756
3647   55945     984     0.02097597
6035   56076     673     0.06334029
6781   56274     976     0.29131624
6781   56274     981     0.24920245
5981   56340     861     0.23240194
5156   55925     420     0.06371884
3701   55540     855     0.17651752
5981   56340     884     0.26662263
4445   55622     183     0.12035982
5981   56340     905     0.22818846
6781   56575     60     0.24741624
5981   56340     928     0.2900518
6781   56575     64     0.2027797
6035   56076     773     0.03242269
3647   56219     94     0.23352939
4380   55857     395     0.09021759
3647   56219     115     0.24521685
6781   56575     139     0.18528868
3647   56219     138     0.21725909999999998
7691   57040     442     0.105628535
6035   56076     884     0.032467518
6035   56076     886     0.28687438
4445   55622     312     0.24822374
4380   55857     446     0.05425284
4380   55857     454     0.05570918
5066   55749     773     0.22659719
3735   55209     84     0.22853404
5156   55925     660     0.23503418
6781   56575     247     0.23571489999999998
6781   56575     251     0.24597612
5066   55749     802     0.04845005
3647   56219     248     0.0055193635999999996
5156   55925     702     0.031142171
3735   55209     134     0.06635304
7691   57040     580     0.20229383
5156   55925     718     0.07929034
3647   56219     284     0.07414133
7624   57039     728     0.18734537
7624   57039     730     0.019014591
5156   55925     766     0.31372854
6781   56575     361     0.22894126
6781   56575     371     0.04864037400000001
4445   55622     538     0.08519749
3647   56219     366     0.10819065
3647   56219     368     0.09551057
6781   56575     423     0.13290577
7691   57040     718     0.041362338
5066   55749     947     0.09490073
7691   57040     719     0.03494906
4380   55857     669     0.07888966
3647   56219     384     0.07217573
6036   56093     164     0.032045066000000004
5066   55749     979     0.080799654
7691   57040     760     0.14824268
3735   55209     324     0.09059846
6781   56575     489     0.26548317
7691   57040     781     0.13198937
6781   56575     524     0.22038634
3647   56219     514     0.040626432999999997
3647   56219     535     0.11353451
3647   56219     562     0.14000484
3647   56219     581     0.21690166
3647   56219     606     0.30578166
3647   56219     608     0.16412038
7691   57040     946     0.3001491
6781   56575     686     0.29362124
6781   56575     687     0.29396490000000003
3647   56219     634     0.19228469
6781   56575     692     0.14049014
6781   56575     700     0.29597995
6781   56575     710     0.28155443
5157   55923     138     0.23023207
6036   56093     442     0.030665847000000003
7625   57011     116     0.20747889999999997
7625   57011     129     0.21056919
7691   57360     60     0.049079224000000005
6781   56575     774     0.18132621
3647   56219     752     0.14895725
3735   55209     634     0.14596322
3647   56219     766     0.24580485
7625   57011     207     0.1407644
3735   55209     652     0.27385277
3735   55209     654     0.12101079
3735   55209     655     0.26717040000000003
3735   55209     656     0.11922099
6036   56093     523     0.2267074
5157   55923     243     0.26954252
7691   57360     107     0.22863732
5157   55923     248     0.23769194
3647   56219     804     0.16461292
7691   57360     115     0.10518782
6711   56388     977     0.3016115
6781   56575     835     0.022069872999999997
3735   55209     688     0.20235799
6781   56575     873     0.2053924
7625   57011     316     0.045235008
6781   56575     886     0.046463884000000004
4381   55824     189     0.06970844
6036   56093     657     0.11552066
6712   56421     80     0.27570700000000004
5982   56074     801     0.22636361
6781   56575     976     0.29132906
3647   56219     948     0.020990565
6781   56575     997     0.24920641
4445   55869     149     0.2711108
5157   55923     444     0.27450466
5157   55923     449     0.002203912
5157   55923     466     0.14365053
6712   56421     172     0.30006817
6781   56599     48     0.27896652
3735   55209     902     0.12172705
6781   56599     60     0.24738696
5157   55923     488     0.04472718
5157   55923     506     0.24942411
3735   55209     946     0.25311098
6036   56093     823     0.22785102
3735   55209     974     0.30227864
3647   56568     102     0.28579664
3647   56568     115     0.24517846
3647   56568     138     0.21725696
6712   56421     296     0.054387223
7625   57011     584     0.30800429999999995
6036   56093     906     0.016208683999999998
3647   56568     178     0.21761129999999998
7691   57360     517     0.21575187
5157   55923     673     0.30154672
6781   56599     253     0.23573297
6781   56599     257     0.31805378
6781   56599     282     0.21945828
3736   55214     140     0.10969784
6781   56599     301     0.26482287
6037   56074     18     0.02868731
7691   57360     600     0.20224188
5067   55751     845     0.25677374
6037   56074     38     0.027765106
6037   56074     39     0.18866366
3647   56568     288     0.07414366
6781   56599     363     0.22894333
5157   55923     792     0.040012497
6781   56599     373     0.048634663
7625   57011     754     0.12509671
6037   56074     106     0.028264282
7625   57011     760     0.23243579999999997
5157   55923     823     0.045027137
4445   55869     536     0.085191086
5157   55923     836     0.030950017000000003
6781   56599     423     0.13289496
3736   55214     278     0.061821423
6712   56421     511     0.072756745
3647   56568     364     0.10819396
3647   56568     368     0.09548934
3647   56568     382     0.0721677
7691   57360     789     0.03495517
7625   57011     830     0.034219477000000005
3736   55214     352     0.033633657000000004
6781   56599     522     0.22041464
7691   57360     848     0.30008465
3736   55214     425     0.2619357
3736   55214     440     0.045290347
5158   55913     30     0.2618006
5983   56310     312     0.07753116
6781   56599     672     0.31635904
3647   56568     506     0.0405921
6781   56599     682     0.293613
4445   55869     818     0.0517602
6781   56599     690     0.29599503
5158   55913     115     0.23659924
6781   56599     696     0.14050710000000002
6781   56599     697     0.29396868
3647   56568     525     0.11338339999999998
6781   56599     704     0.2816062
5068   55749     110     0.22878276
3736   55214     566     0.090319335
3736   55214     588     0.10633334
7692   57064     42     0.2996176
6781   56599     790     0.18119442
3647   56568     599     0.21699329
3647   56568     608     0.16411667
6712   56421     759     0.086933315
6781   56599     811     0.22502643
6037   56074     526     0.07977248
3647   56568     636     0.19230093
3647   56568     642     0.26934844
6712   56421     798     0.18347865
6781   56599     827     0.022071652
3736   55214     680     0.27177490000000004
3736   55214     682     0.15436505
4445   55869     993     0.066364564
7626   56934     116     0.29441026
3736   55214     718     0.13639219
5068   55749     269     0.22019072
6781   56599     892     0.046482492
5158   55913     321     0.17495775
5158   55913     326     0.039564516
7692   57064     198     0.009035349
3647   56568     742     0.14900415
5068   55749     320     0.062081862
6781   56599     942     0.2730187
7692   57064     236     0.008776189
3647   56568     778     0.24576715
6781   56599     978     0.2913159
3736   55214     828     0.20575327
3647   56568     806     0.16461028
6781   56599     991     0.24920686
7626   56934     264     0.16480227
5983   56310     688     0.02145159
5158   55913     433     0.011334696000000002
6782   56273     19     0.106595695
5158   55913     453     0.155171
6782   56273     47     0.028646836000000002
7626   56934     306     0.016344106
6782   56273     55     0.16208865
7692   57064     344     0.016478788
7692   57064     362     0.24361710000000003
5158   55913     502     0.27688578
6713   56402     96     0.2667888
4446   55589     227     0.26460132
3647   56568     952     0.02098622
3736   55214     946     0.03288882
6782   56273     99     0.18341991
5983   56310     825     0.27797893
3736   55214     958     0.06476983
6782   56273     110     0.0047934097
7692   57064     400     0.016049879
7692   57064     411     0.017289473
3736   55214     990     0.30615547
7692   57064     446     0.21058744
7626   56934     436     0.016588358
6782   56273     164     0.23569031
7626   56934     440     0.016482819
6782   56273     189     0.231754
3647   56596     42     0.05446799
6782   56273     205     0.22587533
6782   56273     217     0.18241802
6782   56273     225     0.16880745
7626   56934     524     0.03307213
6782   56273     248     0.23431969
6037   56074     966     0.0808003
3647   56596     117     0.24527220000000002
7626   56934     557     0.02927413
7692   57064     550     0.102920175
7692   57064     575     0.10230383
4382   55742     426     0.2192762
3647   56596     140     0.21724343
6782   56273     302     0.23910452
4382   55742     439     0.18269682
5984   56337     21     0.24417453
5158   55913     746     0.0025557438
4382   55742     450     0.13354465
6037   56104     38     0.028638867999999998
6037   56104     62     0.027741866
6037   56104     73     0.18866314
4382   55742     518     0.056109734
7626   56934     669     0.21730064
4382   55742     531     0.22373149
6037   56104     144     0.028232532
3744   55209     284     0.05466266
6037   56104     150     0.028268872
6782   56273     442     0.24002552
3744   55209     294     0.28914629999999997
6037   56104     170     0.22670546
4382   55742     556     0.30116633
3744   55209     352     0.24686563
3647   56596     282     0.074146375
6782   56273     524     0.21659636
5158   55913     969     0.24465460000000003
3647   56596     322     0.096171536
7692   57064     873     0.009558375
3744   55209     444     0.14483574
7692   57064     886     0.015805468
7626   56934     784     0.19249056
7626   56934     788     0.14948535
7692   57064     924     0.20841607
3647   56596     366     0.09553338
3647   56596     368     0.10820795
3744   55209     523     0.071546204
6782   56273     691     0.00347734
3744   55209     552     0.07191370400000001
7626   56934     865     0.029111845
6782   56273     748     0.23223722
4446   55589     892     0.05791621
7693   57361     44     0.12905437
3744   55209     608     0.24296084
6782   56273     768     0.21877503
6782   56273     772     0.23110050000000001
6782   56273     791     0.22646989
6782   56273     798     0.009097032
3744   55209     677     0.14935589
6782   56273     836     0.22665708
4382   55742     798     0.053295597
7626   56934     950     0.0077573266
3647   56596     518     0.040604193
6782   56273     862     0.24905185
6782   56273     911     0.22684863
3744   55209     772     0.020766009
3647   56596     587     0.21693872
3647   56596     608     0.16410023
3647   56596     622     0.19228442
7627   56933     68     0.2494599
7693   57361     279     0.11515636
3647   56596     640     0.31901458
3744   55209     862     0.23502678
6782   56572     17     0.106574975
3744   55209     874     0.16046429999999998
6782   56572     28     0.25482136
5984   56337     522     0.020739421
7693   57361     318     0.26927808
3744   55209     882     0.14107503
3744   55209     896     0.20664970000000002
5069   56211     270     0.061858977999999995
6782   56572     67     0.26579437
6713   56402     882     0.23248662
6782   56572     106     0.0048106248
7693   57361     430     0.11568542
7693   57361     434     0.05106719
3647   56596     772     0.24583687
6782   56572     164     0.2356987
6782   56572     174     0.2637056
6782   56572     189     0.23173413
6782   56572     209     0.22587803
5069   56211     381     0.14179078
3647   56596     814     0.16456032
6782   56572     217     0.18238585
3745   55234     74     0.056213338
6782   56572     233     0.22694764
6782   56572     244     0.23438968
6782   56572     270     0.030697927000000003
6782   56572     289     0.26147157
6782   56572     302     0.23911011
5069   56211     482     0.22877407
6037   56106     40     0.028661602999999997
5984   56337     796     0.021701158999999998
6037   56106     76     0.027751763999999998
6037   56106     79     0.18861762
6782   56572     380     0.19350307
5159   55856     808     0.15260942
7627   56933     388     0.064592846
3647   56596     954     0.020981338
3745   55234     266     0.044332567999999996
7693   57361     710     0.11768927
5984   56337     836     0.26839784
6037   56106     144     0.0282774
3745   55234     282     0.04327192
6714   56447     130     0.051692302999999995
5069   56211     558     0.015625445
4447   55542     574     0.047418285
3745   55234     288     0.23371136
6037   56106     150     0.028261903999999997
6782   56572     442     0.24000388
7693   57361     728     0.09145292
6037   56106     164     0.22670649
5984   56337     854     0.015798347
3745   55234     302     0.26124063
3745   55234     316     0.2635705
7693   57361     790     0.17164336
3745   55234     360     0.20725945
6037   56106     226     0.030820313999999998
3745   55234     366     0.099581085
6714   56447     188     0.10267323
6782   56572     560     0.21660121
7627   56933     499     0.06819574
6782   56572     622     0.22529735
7693   57361     914     0.10364397
3745   55234     480     0.06007702
7627   56933     546     0.16531773
6782   56572     676     0.15176009
7693   57361     966     0.15422359
3745   55234     550     0.20636454
6782   56572     711     0.0034716079999999997
5985   56089     8     0.022438807
6782   56572     724     0.29878035
6714   56447     304     0.06944803
6782   56572     750     0.23226936
6782   56572     751     0.25767842
6782   56572     770     0.009117762
5069   56211     756     0.02842377
6782   56572     792     0.23106666
6782   56572     794     0.21879868
5160   55895     221     0.052865132999999995
6782   56572     804     0.22666553
5160   55895     230     0.014903531000000001
6714   56447     353     0.062494155
3745   55234     680     0.16046162
6037   56106     544     0.07978027
6782   56572     858     0.2490388
6782   56572     861     0.29883122
7627   56933     674     0.27155745
3745   55234     722     0.26981673
3745   55234     724     0.26284397
5160   55895     318     0.13118763
3650   55244     287     0.22278318
7627   56933     731     0.02890931
7694   57359     214     0.24375056
3745   55234     792     0.28708267
7694   57359     250     0.14421323
3650   55244     340     0.038706607999999997
3745   55234     824     0.24903163
6782   56572     989     0.23881778
6782   56572     990     0.23685004
6782   56572     996     0.29128206
4448   55538     133     0.23457882
7694   57359     293     0.20986742
5160   55895     433     0.24697424
6782   56576     17     0.10660342
3745   55234     866     0.22262960000000004
7694   57359     319     0.1682828
3650   55244     392     0.026713277999999997
7694   57359     322     0.27384949999999997
8177   57374     227     0.034026362000000004
7694   57359     356     0.28673109999999996
6782   56576     73     0.26580065
6782   56576     114     0.0048093829999999995
5106   55833     60     0.12294339
6782   56576     164     0.23568965
5985   56089     382     0.16294742
6037   56106     884     0.08078097
6782   56576     189     0.23170575
6782   56576     207     0.22588436
5160   55895     677     0.26536778
7628   56978     25     0.2256226
7628   56978     26     0.10840521
5160   55895     688     0.27360547
5160   55895     690     0.13261199
7694   57359     579     0.23094364
7694   57359     582     0.2495894
6782   56576     297     0.26147047
4383   55881     909     0.22257020000000002
6782   56576     308     0.2391198
4383   55881     936     0.088048525
3650   55244     650     0.041638307
4383   55881     977     0.19333632
5106   55833     268     0.03463223
7628   56978     138     0.26440382
6782   56576     442     0.24001071
7628   56978     188     0.048366904
3751   55234     350     0.10939943
3751   55234     371     0.0881245
3751   55234     432     0.12559934
6782   56576     606     0.22531009
6714   56447     974     0.041171543
6782   56576     652     0.15174125
5161   55968     104     0.124759786
5106   55833     450     0.026719447
6782   56576     699     0.0034525946
4448   55538     852     0.057083666
6782   56576     722     0.29878932
5106   55833     512     0.062046353
4384   56105     224     0.3127781
4384   56105     227     0.31244212
6782   56576     745     0.2576687
4448   55538     883     0.061820533
6782   56576     766     0.2187672
6782   56576     774     0.23108643
7701   57356     64     0.027013635
5161   55968     205     0.029066402
5106   55833     544     0.09747442
7628   56978     410     0.31369475
6782   56576     790     0.0090914415
7628   56978     436     0.045279607
3751   55234     670     0.15160826
5161   55968     251     0.06967088
6782   56576     828     0.22664815
6782   56576     843     0.29885265
5985   56089     916     0.16835192
3651   55247     54     0.23028354
3651   55247     68     0.18065688
6782   56576     878     0.24904616
6782   56576     915     0.22682310000000003
7628   56978     523     0.23329589999999997
5106   55833     692     0.09490226
4384   56105     404     0.09571946
3651   55247     120     0.27212548
4449   55544     120     0.28206885
4384   56105     433     0.30370802
6782   56576     1000     0.29134232
6782   56602     19     0.10657334
5986   56328     28     0.12128096
7701   57356     310     0.022148276
7701   57356     314     0.05648911400000001
7628   56978     606     0.26475959999999993
7628   56978     620     0.24819538
6782   56602     49     0.028679200000000002
7701   57356     345     0.043750584
3651   55247     201     0.23464619
6038   56090     774     0.025885921
6038   56090     800     0.3109382
6782   56602     95     0.18345092
6782   56602     106     0.004792711
7628   56978     683     0.13731995
4449   55544     264     0.0068476023
6038   56090     854     0.032901973
6782   56602     170     0.26374176
7701   57356     458     0.032022916
6782   56602     183     0.23174176
6782   56602     207     0.22590410000000002
6782   56602     209     0.18244463
3651   55247     298     0.18498833
4449   55544     348     0.08863067
4449   55544     370     0.049638607
6782   56602     270     0.030714613999999998
7701   57356     564     0.042113199999999996
6782   56602     299     0.2614069
6782   56602     310     0.23911183
4384   56105     639     0.17884384
5106   55833     937     0.25809678
5106   55833     944     0.07380595
7701   57356     632     0.020231646000000002
3651   55247     376     0.20419747
6782   56602     354     0.272458
4449   55544     493     0.21036318
7701   57356     647     0.019247988
5161   55968     805     0.07041174
3651   55247     398     0.11594864
7628   56978     838     0.03545611
5106   55833     987     0.17249779999999998
3651   55247     430     0.27367043
3651   55247     435     0.056199502
6782   56602     444     0.23999862
7701   57356     753     0.15222575
3651   55247     464     0.051730487
3752   55236     321     0.19426326
7628   56978     918     0.27246225
6039   56099     222     0.06444646400000001
5986   56328     368     0.16786297
3651   55247     512     0.13196392
3752   55236     385     0.20782542
6782   56602     544     0.21658762
7701   57356     834     0.030109892000000003
7701   57356     899     0.031223232000000004
6782   56602     626     0.22526684
6782   56602     676     0.15175773
3651   55247     589     0.26475674
6782   56602     705     0.0034835766999999998
7701   57356     996     0.25197917
6782   56602     750     0.23222098
3752   55236     603     0.27701820000000005
7703   57333     70     0.028365435
6782   56602     788     0.21876724
6782   56602     790     0.23108621
5162   55893     222     0.051739982999999996
6782   56602     814     0.2266696
5107   55940     273     0.26972306
4449   55544     988     0.29154912
3651   55247     724     0.02783407
4450   55540     44     0.07260399
7703   57333     196     0.019955162
7629   56988     186     0.16911764
6782   56602     913     0.22683285
6715   56449     907     0.22596966
7629   56988     196     0.26066676
7703   57333     236     0.021138292000000003
7629   56988     232     0.059369042999999996
6715   56449     959     0.14548959
5107   55940     386     0.100050606
3651   55247     836     0.24903738
3752   55236     927     0.31803113
6039   56099     824     0.06437472
5162   55893     550     0.05299066400000001
3753   55486     43     0.3199413
3753   55486     51     0.1580146
7629   56988     400     0.030828727
5986   56328     838     0.08680747
7629   56988     424     0.31675848
3655   55240     65     0.30158153
6040   56101     164     0.039609328
7703   57333     743     0.23072556
7703   57333     780     0.01834702
3753   55486     352     0.18917403
7703   57333     804     0.19248392
6040   56101     237     0.0662756
5107   55940     723     0.070533045
5162   55893     971     0.11638648
7703   57333     866     0.014530106000000001
7629   56988     618     0.18396497
7703   57333     902     0.09450036
5987   56339     51     0.070203006
7629   56988     645     0.24619094
7703   57333     949     0.019286007
7703   57333     954     0.01951
7629   56988     680     0.05360326
7705   57332     9     0.025573956000000002
7629   56988     702     0.2744443
7705   57332     13     0.14544939999999998
4450   55540     874     0.08121967
7705   57332     36     0.026371977999999997
4450   55540     912     0.09702480599999999
7629   56988     723     0.24687189
7629   56988     729     0.09831939
7629   56988     742     0.03435009
4450   55540     977     0.14906019
7705   57332     209     0.042303868
7629   56988     794     0.19669122
5987   56339     229     0.0855528
6040   56101     718     0.017816013000000002
6040   56101     724     0.06311203
7705   57332     358     0.12030748
6040   56101     784     0.31330815
3655   55240     454     0.07070076
3655   55240     465     0.15261841
6040   56101     866     0.036432627999999995
5108   55888     93     0.044353124
6716   56401     671     0.06820875
4451   55537     344     0.14230675
4451   55537     348     0.2831911
5163   55889     692     0.10422563
3655   55240     633     0.13070841
7630   57006     75     0.22916469
4451   55537     564     0.018418252
5108   55888     248     0.0321213
6716   56401     835     0.05348315
7705   57332     762     0.12868695
7705   57332     763     0.08427348
5108   55888     266     0.12688573
6785   56487     492     0.10763229
6716   56401     844     0.058061622
6041   56102     219     0.019125259
5987   56339     610     0.25349160000000004
6785   56487     559     0.009564932
5987   56339     618     0.022549272999999998
6716   56401     909     0.24769303
7705   57332     870     0.06614974
5164   56067     28     0.008404584
7630   57006     241     0.041219032999999995
7630   57006     248     0.23676798
5987   56339     682     0.02079087
5108   55888     405     0.22558995
5108   55888     417     0.068762854
6717   56397     1     0.3075255
5108   55888     431     0.28305018
4386   55540     153     0.25155962
5108   55888     445     0.16570391
7714   57363     31     0.018369108000000002
6717   56397     39     0.31836185
7714   57363     62     0.2823954
5164   56067     212     0.20912689999999998
6041   56102     514     0.27063590000000004
4386   55540     235     0.2410823
6717   56397     103     0.0025174308
6041   56102     533     0.10348061
7630   57006     398     0.07590897
7714   57363     132     0.14129181
3655   55240     986     0.31001928
6717   56397     140     0.04612045
7714   57363     142     0.3058515
6041   56102     570     0.09499799
5108   55888     599     0.16532272
7630   57006     519     0.16936007
4452   55536     109     0.27717116
7714   57363     286     0.24382006
3656   55241     116     0.12872238
7714   57363     348     0.050594787999999995
6786   56448     81     0.14050189
4386   55540     476     0.08133615599999999
3754   55488     936     0.15177485
5164   56067     528     0.0180354
6717   56397     357     0.29578426
4452   55536     255     0.02800044
7630   57006     660     0.2744688
7630   57006     662     0.06324310000000001
5108   55888     801     0.06674309
3754   55488     978     0.16386662
5108   55888     826     0.049264300000000004
7630   57006     698     0.054791927000000004
6717   56397     431     0.26671505
7630   57006     727     0.30113090000000003
4452   55536     360     0.02391312
3656   55241     330     0.027609441000000002
7630   57006     834     0.08224814
7630   57006     837     0.25620684
6786   56448     358     0.05381212
5108   55888     1000     0.009591907
6042   56101     81     0.10280134
7714   57363     658     0.24612233
6717   56397     598     0.31346667
3755   55504     238     0.04033009
7714   57363     695     0.14431287
5988   56072     362     0.08560161
6717   56397     669     0.037138194
5164   56067     886     0.018804671000000002
3656   55241     536     0.09042583400000001
5109   55892     116     0.056846265
4452   55536     635     0.21318445
5109   55892     156     0.2994603
6717   56397     744     0.102521904
7714   57363     845     0.17712954
3755   55504     489     0.18532404
6042   56101     354     0.101914175
6786   56448     685     0.061094727
5165   56063     117     0.14217643
5109   55892     291     0.059555095
6042   56101     432     0.036426533
3656   55241     769     0.19139170000000003
7631   57279     220     0.058061704000000006
7631   57279     238     0.031565263999999996
7715   57364     88     0.017642993
5165   56063     236     0.02910364
4452   55536     954     0.061695557000000005
6042   56101     532     0.12875499
5165   56063     338     0.022425879
5165   56063     345     0.0644942
5165   56063     366     0.13391933
4453   55535     88     0.017341963999999998
4453   55535     165     0.22605489
4387   55534     282     0.0328586
4387   55534     296     0.105548695
5109   55892     595     0.05584409
7631   57279     461     0.081573434
3755   55504     934     0.098187715
7715   57364     432     0.015535273999999998
5165   56063     576     0.008424955999999999
4387   55534     454     0.040708534
5165   56063     688     0.01955447
5165   56063     709     0.06380118
5989   56312     59     0.10290342
4453   55535     443     0.29988936
7715   57364     612     0.019877018
5109   55892     783     0.29894915
6787   56447     329     0.18957452
5109   55892     791     0.1312114
5109   55892     857     0.06979243
7715   57364     666     0.020064129
6787   56447     394     0.06135728
5165   56063     835     0.008516753
7715   57364     696     0.020574905
5109   55892     915     0.18756689
7715   57364     736     0.06726121
7715   57364     750     0.015857556999999998
5109   55892     995     0.19733253
5110   55913     44     0.16573903
4387   55534     776     0.044382602
6718   56398     642     0.08908492
7715   57364     840     0.037468053
7631   57279     971     0.04520191
6787   56447     617     0.3170987
5110   55913     130     0.073785484
3657   55244     558     0.0806288
7715   57364     934     0.16756852
5110   55913     170     0.007837029
6787   56447     712     0.05802484
6043   56096     430     0.035778113
6787   56447     726     0.059438307
7718   57362     16     0.016706625
6043   56096     451     0.23925845
6787   56447     753     0.06420381
3756   55505     611     0.08669433
7632   56987     110     0.21422741
7718   57362     77     0.13788849
7632   56987     140     0.04207743
6787   56447     914     0.06692862
7718   57362     228     0.01619831
3657   55244     791     0.12139117
4454   55536     126     0.06454188400000001
3756   55505     880     0.20689765
3657   55244     853     0.16414703
7632   56987     314     0.034231465
6788   56428     77     0.115764946
4388   55536     190     0.040208127
7718   57362     383     0.11056777
7718   57362     384     0.016000723
4454   55536     235     0.07946944
6719   56390     87     0.13128011
6788   56428     106     0.05838421
7718   57362     398     0.016445823000000002
7632   56987     381     0.091486044
6043   56096     848     0.063712105
5110   55913     576     0.16984901
7632   56987     443     0.21679770000000004
5110   55913     582     0.10164922
3757   55508     45     0.21295372
7632   56987     460     0.028890918999999998
4454   55536     343     0.07918958
4388   55536     344     0.27543315
7632   56987     500     0.029954644
6719   56390     242     0.026634797
5110   55913     668     0.015742166000000002
3658   55205     103     0.09875393
3757   55508     155     0.18207064
6788   56428     320     0.08485422
7718   57362     610     0.18443622
4388   55536     520     0.041121062
6788   56428     463     0.09202468400000001
7718   57362     756     0.1434061
5110   55913     843     0.25340512
4388   55536     561     0.05090233
6788   56428     480     0.30482155
5110   55913     864     0.24398986
6719   56390     451     0.18674625
3757   55508     358     0.25667652
4388   55536     596     0.055008885
5110   55913     887     0.13306828
7718   57362     822     0.19490777
7632   56987     776     0.28943515
7632   56987     784     0.15009227
3757   55508     401     0.24809479999999998
5110   55913     956     0.14812833
6044   56090     346     0.25126487
5167   56066     66     0.15941423
6788   56428     644     0.09535158
6719   56390     610     0.13261627
5167   56066     108     0.075782955
7632   56987     918     0.16373974
7718   57362     978     0.1656835
3757   55508     539     0.28265736
5167   56066     118     0.30343318
3658   55205     496     0.069054775
7718   57362     994     0.034482762
3757   55508     564     0.029268516
6719   56390     686     0.30936128
7721   57360     66     0.016464144
3658   55205     544     0.056706436
7632   56987     1000     0.07575989
7721   57360     120     0.043479435
3658   55205     587     0.08365225
7721   57360     134     0.23919354
6788   56428     848     0.030618124
7633   56931     81     0.27734974
5111   55840     242     0.030018093
5111   55840     260     0.18070416
3757   55508     870     0.23974982
7721   57360     326     0.30625778
4389   55539     12     0.03776244
6044   56090     769     0.062289644000000005
5111   55840     305     0.15299425
6789   56401     105     0.28308064
7633   56931     190     0.28472559999999997
6789   56401     118     0.029636005
3757   55508     967     0.22019707
7721   57360     406     0.036483603999999996
6044   56090     866     0.023256922000000003
7721   57360     444     0.016813517
7721   57360     455     0.015689349
4389   55539     89     0.04387264
7633   56931     274     0.27932557
3658   55205     861     0.089585416
4455   55539     412     0.023757063
6720   56390     60     0.037227508
5111   55840     486     0.1262894
7633   56931     352     0.009383423
3758   55506     160     0.061204385
7721   57360     610     0.022942672
5990   56066     785     0.31250882
7633   56931     370     0.16184181
6789   56401     336     0.29507187
6045   56072     48     0.028406225
7633   56931     374     0.016816258
7721   57360     650     0.29626417
7721   57360     682     0.022345777999999997
7633   56931     436     0.29125786
6789   56401     436     0.07911879599999999
5111   55840     596     0.12911907
6045   56072     180     0.025768327999999997
4455   55539     612     0.047095377
4389   55539     322     0.054760095
5167   56066     916     0.02970834
4455   55539     641     0.07631778
3659   55181     75     0.096327096
7721   57360     829     0.015011341999999999
6789   56401     546     0.30247617
7721   57360     860     0.015877265
6045   56072     294     0.03279253
6045   56072     330     0.029741273999999998
3659   55181     144     0.087883525
7721   57360     946     0.016374726000000003
5991   56076     44     0.06826842
6720   56390     351     0.27750516
7633   56931     688     0.2576408
3659   55181     282     0.23830895
7633   56931     739     0.043308407
7818   56989     118     0.026252497000000003
4389   55539     590     0.04032565
7818   56989     128     0.05722826
6720   56390     465     0.25801438
5168   56035     282     0.22708704
7633   56931     756     0.0084852325
7633   56931     757     0.1526777
7633   56931     772     0.22823963
7633   56931     794     0.009737736
6045   56072     632     0.25213212
3659   55181     358     0.0873438
7633   56931     800     0.23003908
6045   56072     652     0.060676232000000004
6045   56072     659     0.12967278
7633   56931     813     0.24996187
5111   55840     988     0.064767756
7633   56931     866     0.16682070000000002
6045   56072     748     0.061392758
3659   55181     480     0.18239208
7818   56989     357     0.053839187999999996
7818   56989     364     0.061702624000000005
6045   56072     792     0.27572873
7633   56931     930     0.23240401
6790   56430     85     0.06938188
3659   55181     504     0.08038743599999999
7633   56931     962     0.30100173
6790   56430     136     0.19055356
5991   56076     406     0.31253179999999997
6790   56430     192     0.10310513
4456   55537     332     0.026495563
7818   56989     490     0.09184009
5168   56035     639     0.20253444
6045   56072     944     0.10088393
3759   55236     94     0.08737008
7818   56989     551     0.007662879
5168   56035     704     0.028594573999999998
4456   55537     450     0.29300186
3759   55236     171     0.22198051
6790   56430     332     0.20610975
7634   56935     126     0.0017047254000000002
6720   56390     852     0.011317724
7818   56989     671     0.015820106
6790   56430     386     0.059660036
5168   56035     828     0.12105747
7634   56935     182     0.21513191
6790   56430     432     0.059530962
7634   56935     186     0.21581014
7818   56989     754     0.27078584
6046   56096     186     0.008409601
6046   56096     188     0.008307238
7818   56989     766     0.018099358
4390   55948     85     0.041968595
7634   56935     248     0.1057042
7818   56989     811     0.25623676
6046   56096     242     0.018214298
3659   55181     841     0.2157592
7634   56935     297     0.08592001
5168   56035     990     0.030575024
5112   55895     440     0.0492827
3759   55236     441     0.22739276
6046   56096     306     0.044551297999999996
7634   56935     337     0.31735057
5169   56045     50     0.025841676
7818   56989     916     0.118456565
3759   55236     480     0.120433204
6790   56430     637     0.07005622
3759   55236     513     0.17203096
3759   55236     523     0.22010526
6790   56430     676     0.031993344
7819   57280     38     0.005994200999999999
7819   57280     45     0.022991253
4456   55537     918     0.022250736
5112   55895     608     0.042901833
7819   57280     100     0.04319347
5112   55895     618     0.04295151
6721   56398     254     0.07351599
3660   55209     104     0.25391460000000005
6790   56430     928     0.06854565
7819   57280     222     0.16468355
6721   56398     302     0.055780895
6721   56398     307     0.12709965
7819   57280     241     0.056541547000000004
4457   55858     170     0.28808013
7819   57280     406     0.26679805
6791   56429     126     0.10769423
5992   56066     156     0.023730865
5992   56066     160     0.28412905
3760   55268     8     0.09925173
7819   57280     460     0.027881052000000003
6791   56429     184     0.0736585
6791   56429     190     0.011392426
7819   57280     492     0.31772146
5169   56045     661     0.25038594
6791   56429     244     0.068566926
3660   55209     381     0.20812584
3760   55268     148     0.10335616
7819   57280     599     0.023381727
3760   55268     249     0.1578555
7819   57280     718     0.014876447
4457   55858     624     0.07575133
5113   55924     116     0.10055856
7634   56935     980     0.15931581
3760   55268     366     0.06440008400000001
4374   55883     400     0.16318978
7819   57280     920     0.09922656
5113   55924     204     0.13307853
5170   56063     76     0.025643818
4457   55858     790     0.048680604
6047   56098     371     0.28366694
7819   57280     981     0.27630147
4457   55858     840     0.0196224
5170   56063     138     0.095696054
5170   56063     140     0.005020298
6791   56429     749     0.06804657
3760   55268     627     0.087012164
7820   56984     148     0.12673783
5170   56063     336     0.00436326
7820   56984     228     0.029194513
5113   55924     380     0.08396494
3760   55268     815     0.2325924
3760   55268     822     0.27256942
5970   56046     555     0.20652696
7635   56979     306     0.065486886
4458   55536     234     0.02174387
6792   56432     135     0.23473221
7820   56984     423     0.19185624
4458   55536     276     0.09737847
5170   56063     574     0.28717518
7635   56979     369     0.3092301
5170   56063     620     0.025517207000000004
5170   56063     644     0.025507988
6792   56432     249     0.06427165
3761   55272     103     0.21356915
4391   55866     290     0.04509166
7820   56984     566     0.04200026
5113   55924     602     0.064771734
5113   55924     614     0.08251667
4458   55536     453     0.31597559999999997
4458   55536     517     0.09765039999999998
5992   56066     990     0.18909326
6048   56072     205     0.30313095
4458   55536     632     0.01733976
6722   56431     324     0.21379247
4458   55536     690     0.022084347999999997
7820   56984     855     0.23024099
5993   56070     71     0.08910127
5993   56070     86     0.03048327
6722   56431     396     0.07566752
7820   56984     940     0.04079821
7635   56979     712     0.22245589
3661   55212     314     0.27615777
7821   57279     65     0.2792292
5171   56038     209     0.099395104
4458   55536     928     0.04141792
5993   56070     209     0.23180492
7821   57279     164     0.2717879
7821   57279     244     0.20618875
7635   56979     946     0.27454492
5993   56070     424     0.06304472
6793   56430     28     0.08269856
6793   56430     39     0.07707163
7821   57279     334     0.045986168
3761   55272     934     0.029893251000000003
3761   55272     960     0.26577547
6722   56431     836     0.23503111
7821   57279     428     0.019623062
6722   56431     852     0.019258158
7821   57279     488     0.022419842000000002
5114   55883     316     0.041527685
7821   57279     496     0.021662727000000003
5171   56038     633     0.018261096
7821   57279     518     0.024447003
6048   56072     948     0.14171836
5114   55883     396     0.016557215
7636   56989     291     0.030214127
5114   55883     432     0.287129
6723   56428     22     0.019219883
6793   56430     312     0.09201953
6049   56091     26     0.04117125
3661   55212     906     0.20206995
3762   55507     205     0.07480077
3661   55212     910     0.011910293
4459   55533     500     0.023889453999999997
4392   55833     198     0.21633403
5171   56038     804     0.019431828
7636   56989     382     0.015965626
5993   56070     828     0.054333888
6723   56428     125     0.26123264
3661   55212     985     0.24799134
7636   56989     430     0.3090392
4392   55833     293     0.0837243
5171   56038     867     0.29252514
6049   56091     156     0.01955032
6723   56428     174     0.071394
6723   56428     176     0.18862881
4459   55533     594     0.015582057
6049   56091     210     0.018531276
6723   56428     246     0.24662751
6723   56428     247     0.19953632
5114   55883     687     0.07152972
7636   56989     550     0.016266948
5993   56070     982     0.13991706
4459   55533     735     0.24493356
3661   55614     160     0.013302156
5994   56101     27     0.07043926
6793   56430     627     0.3129455
7636   56989     629     0.16063884
6793   56430     634     0.07846402
7821   57279     926     0.07517362400000001
6793   56430     679     0.25174597
4459   55533     818     0.07379744
5994   56101     96     0.18499653
3762   55507     548     0.038347114
3762   55507     554     0.059759900000000005
4459   55533     845     0.057623763
7636   56989     704     0.0089250365
3661   55614     318     0.2761598
6049   56091     532     0.2932853
3661   55614     370     0.06146228
4460   55533     4     0.08310945
7822   57041     172     0.022962662999999998
6723   56428     607     0.08415579
7822   57041     206     0.023694887999999997
7822   57041     212     0.02168126
7822   57041     222     0.043104183
4460   55533     87     0.18533951
4392   55833     762     0.05369115
7822   57041     263     0.021003176000000002
7822   57041     292     0.15530008
7636   56989     946     0.30009693
7822   57041     338     0.022166067999999997
4460   55533     195     0.055456745999999994
5172   56071     493     0.21235990000000002
7822   57041     373     0.005274302
4392   55833     842     0.08480257
7822   57041     380     0.009311139
4392   55833     858     0.05374153
7822   57041     418     0.07698211
5172   56071     574     0.02554787
4392   55833     936     0.29603663
6723   56428     810     0.2879663
5172   56071     634     0.07410205
6723   56428     864     0.03160528
4460   55533     406     0.087309785
6050   56089     50     0.031788096
6723   56428     915     0.12245781
3763   55508     198     0.022781685
5115   55885     376     0.066877335
4393   55944     90     0.04004985
6723   56428     961     0.04251089
3763   55508     348     0.24971877
6050   56089     222     0.03335096
4460   55533     655     0.07602804
7822   57041     859     0.027861275
5115   55885     464     0.04522518
3661   55614     906     0.011917176000000002
3661   55614     914     0.2020853
7822   57041     946     0.05651634
4393   55944     210     0.24721749
3763   55508     546     0.056746747
7637   56933     364     0.09066569
3763   55508     600     0.0410187
7823   56978     40     0.0049719107
6794   56448     772     0.15116738
3661   55614     985     0.24798357
7823   56978     98     0.06741013
6794   56448     814     0.25390893
5173   56046     248     0.030402854
4460   55533     960     0.109384835
6724   56416     164     0.007691855500000001
5173   56046     344     0.03211386
3763   55508     780     0.0069395327
6050   56089     650     0.12521821
6724   56416     216     0.07118116
5173   56046     368     0.014593743999999999
5173   56046     400     0.04528737
4461   55888     113     0.093981095
3763   55508     852     0.041269224
6724   56416     258     0.012769227
4393   55944     410     0.053286582
6050   56089     776     0.054687534
7823   56978     359     0.3094343
6050   56089     783     0.07582591
3763   55508     978     0.16137101
3662   55182     200     0.19297555
6795   56425     132     0.012200535
7823   56978     482     0.13858314
6795   56425     196     0.19737257
5995   56093     130     0.071814306
7823   56978     552     0.043164615
5173   56046     723     0.14138734
6795   56425     311     0.13810584
5173   56046     752     0.17250688
5173   56046     769     0.21247575
3764   55514     308     0.25764284
3764   55514     324     0.041303538
6795   56425     500     0.12792078
5116   55857     11     0.06879037
4461   55888     671     0.015610281
6051   56093     251     0.032742400000000005
3764   55514     391     0.20783055
7823   56978     838     0.037512794
5116   55857     51     0.15295954
3662   55182     481     0.18659186
7637   56933     922     0.016309826
7823   56978     906     0.042916417000000005
5116   55857     85     0.18672267
4393   55944     802     0.15872085
4461   55888     802     0.02379687
6051   56093     379     0.06135654
4393   55944     814     0.05704377
3764   55514     554     0.056456695999999994
7637   56933     979     0.24455397
3662   55182     546     0.20522642
7824   57282     24     0.020662793999999998
7824   57282     36     0.022243636
3662   55182     595     0.22544098
5116   55857     177     0.22235858
3662   55182     618     0.1859963
5116   55857     213     0.13441506
3764   55514     706     0.12686917
7824   57282     186     0.06701956
7638   56981     154     0.045011934
7824   57282     252     0.067859136
3764   55514     816     0.23809388
6795   56425     968     0.029376793999999998
6795   56425     972     0.00247961
4394   55924     38     0.09959245
3764   55514     923     0.223703
6051   56093     836     0.046412012999999995
7824   57282     416     0.19547726
3662   55182     856     0.24768911
7824   57282     458     0.02397386
6051   56093     890     0.033806846
3765   55508     73     0.03216524
5116   55857     576     0.058700178
7638   56981     448     0.0698765
3663   55176     74     0.054095045
5116   55857     674     0.05607708
3663   55176     104     0.2156529
6052   56092     148     0.18350178
7824   57282     746     0.067895636
5116   55857     788     0.08411492
5996   56096     78     0.27454543
7824   57282     790     0.02274183
7824   57282     794     0.07523236
4394   55924     605     0.22434345
7824   57282     886     0.31911
5996   56096     236     0.07420717
6052   56092     330     0.030919105
7638   56981     816     0.18535966
3765   55508     468     0.16142645
3663   55176     387     0.08203332
5116   55857     964     0.07024356
4462   55600     800     0.028661946
6725   56390     570     0.31140494
5996   56096     287     0.14459668
7638   56981     881     0.043339487
7638   56981     898     0.06426693
6052   56092     482     0.030434878999999998
4462   55600     914     0.28691238
6796   56453     788     0.14034021
5996   56096     404     0.054415625
4462   55600     975     0.28525516
5117   55925     123     0.16488129999999998
7825   57030     172     0.037262555
6052   56092     684     0.03351244
7639   57297     74     0.12724069999999998
4394   55924     950     0.09876511
7825   57030     295     0.008910376999999999
6797   56426     8     0.13542809
7825   57030     369     0.028844766
7639   57297     258     0.29102117
5175   55955     594     0.27953604
3766   55213     41     0.29748696
4463   55868     338     0.013653826
4395   55828     190     0.07394867
3766   55213     117     0.06956738
5117   55925     503     0.088437654
5996   56096     807     0.24284503
6726   56394     115     0.01329388
4463   55868     461     0.07311462
4395   55828     257     0.24516806
5175   55955     799     0.24451391
6797   56426     395     0.21802767
5117   55925     583     0.04442419
4463   55868     542     0.04746297
7639   57297     465     0.31728494
7825   57030     742     0.0750299
6797   56426     470     0.080160335
3766   55213     362     0.28251514
4463   55868     686     0.09470846
5175   55955     979     0.09245934
7639   57297     531     0.21422729
5117   55925     674     0.19991791
5117   55925     712     0.27566937
5997   56309     2     0.29936546
5176   56221     63     0.07695053
5117   55925     750     0.06877788
7639   57297     650     0.21059433
6797   56426     738     0.043104447000000004
5117   55925     801     0.25120655
6726   56394     384     0.07138052
5117   55925     819     0.18502909
6726   56394     450     0.14364676
5176   56221     281     0.030913766000000002
3664   55245     425     0.24949875
5118   55830     1     0.21020582
6053   56091     640     0.01866673
7639   57297     893     0.13450920000000002
3766   55213     788     0.017099923
7826   56931     256     0.04324084
5118   55830     99     0.032635804
5118   55830     116     0.038089693
6726   56394     716     0.09354368
5997   56309     429     0.07043424
5118   55830     149     0.22441584
7826   56931     344     0.13266723
6726   56394     749     0.069298364
5118   55830     194     0.15285341
3766   55213     920     0.25357354
6798   56485     144     0.104459815
7826   56931     446     0.28166944
6726   56394     864     0.27047473
3664   55245     765     0.2525195
4464   55866     375     0.16800262
5118   55830     366     0.08042482
6726   56394     974     0.02613206
3664   55245     823     0.2599359
7826   56931     578     0.24803309
7640   57311     317     0.062767506
6727   56369     36     0.2765474
3767   55214     200     0.27076903
7640   57311     358     0.06989899
3767   55214     222     0.20572346
7640   57311     372     0.26458558
7640   57311     396     0.019741517
6727   56369     176     0.09148255
4464   55866     598     0.09891227
5997   56309     887     0.03444988
5176   56221     911     0.04393503
7826   56931     795     0.26381353
4396   55829     357     0.25151065
7640   57311     515     0.010873681999999999
5118   55830     661     0.033112176
4396   55829     374     0.24034286
3665   55247     105     0.24098057
5118   55830     697     0.15115897
5997   56309     985     0.28926942
4396   55829     415     0.053961456
7640   57311     598     0.106278054
3767   55214     459     0.06877298
3665   55247     175     0.26780957
5998   56087     76     0.03236555
7640   57311     657     0.17612363
7826   56931     934     0.24231306
7826   56931     948     0.0431171
5118   55830     860     0.016646262
3767   55214     511     0.28050798
3767   55214     518     0.071718775
4396   55829     600     0.2512665
6054   56089     382     0.0828415
7640   57311     801     0.07029439999999999
4396   55829     650     0.013915298000000001
6054   56089     443     0.13374509
5177   56245     160     0.025954197999999998
7827   57278     50     0.024713732000000002
6054   56089     488     0.017033275
4396   55829     781     0.23941790000000002
4396   55829     795     0.21865300000000001
6798   56485     803     0.1200367
6727   56369     663     0.07010564
3767   55214     656     0.21319099
7640   57311     965     0.16207922
6798   56485     822     0.07831664
3665   55247     538     0.316306
6727   56369     693     0.07353319999999999
5119   55836     128     0.07640021
3767   55214     698     0.08953199
5177   56245     303     0.07276041
5119   55836     182     0.07045754
3665   55247     676     0.036336597000000005
5177   56245     405     0.19353484
3665   55247     697     0.12555188
4465   55858     160     0.011792821
6799   56478     34     0.009516980500000001
6727   56369     900     0.2673678
4397   55921     41     0.055560887
5177   56245     474     0.077013716
3767   55214     907     0.1245296
5998   56087     668     0.283547
6799   56478     96     0.008777672
7641   57307     286     0.09862303
3665   55247     900     0.051355794
3767   55214     998     0.15200770000000002
6799   56478     162     0.045313094000000005
7641   57307     402     0.22536619
3768   55564     97     0.05908773
5177   56245     727     0.03909971
5998   56087     905     0.026995834
5177   56245     742     0.08637124
6055   56102     32     0.1431664
5119   55836     633     0.09248758
5998   56087     946     0.04587712
6055   56102     73     0.061504126
5119   55836     676     0.026763152000000002
7827   57278     668     0.13111554
7641   57307     569     0.19331436
5177   56245     830     0.039805903999999996
7641   57307     579     0.042812824000000006
6055   56102     223     0.22619823
5177   56245     956     0.082987875
4465   55858     689     0.31624746
7827   57278     842     0.07138705
4397   55921     547     0.04753063
3666   55185     263     0.06855147
7641   57307     715     0.08507
7827   57278     883     0.23537542
4465   55858     738     0.04283284
7641   57307     737     0.08521534
7641   57307     756     0.14376960000000003
7827   57278     949     0.29674813
7641   57307     772     0.064197846
5999   56089     216     0.09503675
4465   55858     826     0.0155048845
3768   55564     611     0.13254687
6055   56102     478     0.040689357
7641   57307     851     0.2619161
6728   56426     564     0.07357191
3768   55564     634     0.019342316000000002
7828   57039     82     0.037126496
7641   57307     875     0.09144004
7641   57307     892     0.22686833
7641   57307     903     0.08504524
7641   57307     905     0.06414999
7641   57307     911     0.06257082
4465   55858     985     0.06899002
7641   57307     918     0.04245364
7828   57039     156     0.048882037
7828   57039     158     0.07043189999999999
6799   56478     916     0.08635254
5999   56089     394     0.074153446
3768   55564     829     0.16305596
7828   57039     276     0.09197609
7641   57307     999     0.29967624
5178   56246     419     0.08269942
6055   56102     716     0.07140921
3768   55564     858     0.065719076
7643   57302     34     0.21103008
6728   56426     748     0.1669341
3666   55185     612     0.01927963
7828   57039     329     0.0052367467
5178   56246     475     0.08546084
5999   56089     490     0.27444953
4397   55921     918     0.07130625
7828   57039     370     0.005971316700000001
7828   57039     432     0.020925282
4466   55857     284     0.10047457
7643   57302     146     0.21399076
6728   56426     903     0.27693537
5999   56089     617     0.26941952
6728   56426     922     0.31755495
7828   57039     518     0.10568477
5120   55895     364     0.24695717
3769   55240     86     0.13838398
4466   55857     383     0.07783264
6800   56399     265     0.14289166
3769   55240     156     0.31827426
4466   55857     444     0.022870881000000003
5999   56089     740     0.18500999
7643   57302     329     0.089230135
5120   55895     489     0.095110856
3769   55240     256     0.04785213
7828   57039     728     0.019884765
3769   55240     314     0.06128749
7828   57039     764     0.047045548
3769   55240     367     0.28945485
6800   56399     528     0.05884914
6729   56419     154     0.03752575
4398   55946     331     0.1848608
4398   55946     356     0.05256008400000001
4398   55946     360     0.052130397
6056   56092     356     0.110368185
6056   56092     370     0.062559895
6800   56399     698     0.040593132000000004
3667   55186     169     0.1244608
4466   55857     850     0.31579506
6729   56419     326     0.27546296
6800   56399     758     0.031556662
6000   56102     85     0.10727878
4398   55946     514     0.018229678
7829   57011     150     0.021153147999999997
7829   57011     153     0.13650152
6800   56399     882     0.1883568
6056   56092     686     0.035250212999999996
6801   56487     8     0.004797169
7829   57011     352     0.019201752
7829   57011     366     0.2534405
5120   55895     966     0.034535397
4467   55894     277     0.018250303
7829   57011     464     0.019028502
6056   56092     903     0.10722493
7829   57011     489     0.019979049
6056   56092     938     0.071584575
4398   55946     770     0.29681224
6801   56487     263     0.28628814
5179   55957     704     0.26633883
7829   57011     570     0.0371536
3770   55234     138     0.31751406
6057   56099     38     0.035854347
5121   55856     175     0.19635294
3770   55234     242     0.10188701
4398   55946     925     0.08618854
3770   55234     262     0.06638838
4398   55946     938     0.08720145
3770   55234     284     0.01953339
3667   55186     659     0.08357767
6801   56487     454     0.27263188
5121   55856     254     0.04305981
5121   55856     266     0.041324142
7829   57011     799     0.018549964
7644   57327     164     0.08767989
6801   56487     524     0.040847233999999996
3770   55234     373     0.0618326
5121   55856     340     0.16439496
6801   56487     558     0.06815129
6729   56419     929     0.3070953
5180   55947     26     0.25323805
3770   55234     479     0.21650842
6000   56102     686     0.043700702
4467   55894     808     0.043170694
6730   56425     4     0.041181527
7644   57327     307     0.0674857
3770   55234     598     0.13312426
7644   57327     334     0.040946085
6730   56425     56     0.020148385
6000   56102     794     0.27314976
5121   55856     510     0.035323362999999997
7830   57043     135     0.1196113
7830   57043     166     0.009254423000000001
3770   55234     736     0.22718884
5180   55947     313     0.15654781
4399   55811     299     0.30020532
6801   56487     898     0.25292426
6801   56487     940     0.15661038
5121   55856     649     0.15433042
5121   55856     653     0.15409306
5121   55856     659     0.152929
3770   55234     896     0.09614404
7830   57043     342     0.23838958
7644   57327     583     0.26526946
5121   55856     723     0.22688029999999998
6802   56456     97     0.20263283
4468   55894     248     0.046463776
7644   57327     614     0.05203073
3667   55566     175     0.12439088
7830   57043     425     0.0304031
5121   55856     773     0.06875994
4399   55811     487     0.04053302
7644   57327     644     0.020231515
6057   56099     924     0.026921794
5180   55947     695     0.10901555
7644   57327     727     0.18738711
5180   55947     730     0.08094166
5121   55856     898     0.12516885
6058   56090     37     0.026321492999999998
3771   55544     190     0.17339022
6802   56456     422     0.122348055
4468   55894     590     0.006980851999999999
7644   57327     871     0.27746934
3667   55566     449     0.2630794
5181   56298     34     0.063973136
4399   55811     790     0.015024926499999999
3771   55544     524     0.13863237
7831   57016     25     0.021576922000000002
7831   57016     52     0.03476573
7831   57016     76     0.2538114
3771   55544     642     0.051233277
3667   55566     681     0.08358942
7648   57329     121     0.24204513
4468   55894     945     0.20710753
6058   56090     542     0.06468694
6802   56456     848     0.07237331
4469   55863     10     0.19991174
6058   56090     602     0.033275112999999995
6802   56456     897     0.16808671
3771   55544     779     0.22986554
4400   55509     50     0.09165269999999999
4469   55863     76     0.0824765
7831   57016     280     0.064597845
5181   56298     428     0.0859806
7648   57329     278     0.08017659
6803   56402     96     0.0062392764
6058   56090     837     0.15888235
6001   56072     778     0.02884437
7648   57329     386     0.11854995
6058   56090     898     0.29157948
3772   55277     36     0.103104584
7831   57016     518     0.14205219
6731   56385     160     0.10768957
6803   56402     245     0.06544278
7648   57329     461     0.07790271
7831   57016     560     0.29508233
6001   56072     900     0.17650472
6059   56093     50     0.0024133632
7831   57016     639     0.022139787999999997
7831   57016     682     0.030341875
3772   55277     278     0.035509795
6001   56072     980     0.074128576
7831   57016     754     0.31872654
6803   56402     534     0.07669267
3772   55277     386     0.021946592
7831   57016     828     0.24193774
5181   56298     984     0.06440018
5122   55841     796     0.20665874
6803   56402     628     0.07420555
5122   55841     822     0.12197207
6059   56093     364     0.05912287
5122   55841     846     0.15981887
5122   55841     884     0.111007206
6002   56104     194     0.048262887000000004
7832   56904     56     0.018959943
5182   56341     227     0.3013744
3668   55478     356     0.095021516
5122   55841     939     0.24752383
6803   56402     869     0.10263807
5122   55841     996     0.29097449999999997
4470   55587     45     0.2352428
7648   57329     882     0.05355685599999999
6803   56402     914     0.07310313
3668   55478     452     0.036182143
6731   56385     623     0.20094395
6059   56093     677     0.10642782
3772   55277     892     0.27656546
7832   56904     338     0.07258516599999999
7832   56904     344     0.058633335
6059   56093     797     0.06848181
6002   56104     454     0.0009358722
3668   55478     595     0.09729791
3668   55478     598     0.022156967000000003
3668   55478     612     0.030688081000000002
4400   55509     948     0.05612862
6059   56093     964     0.17869388
6002   56104     555     0.04086756
6059   56093     996     0.13590659
5182   56341     764     0.08506655
6804   56447     344     0.18353449
3773   55240     219     0.033723332
6002   56104     649     0.06528236
7653   57306     265     0.070564725
6002   56104     696     0.06703864
7653   57306     289     0.23204437
6804   56447     426     0.005891741999999999
7832   56904     715     0.028517174
7653   57306     308     0.038600806
6002   56104     755     0.10544251
3773   55240     332     0.30751209999999995
3668   55478     916     0.021359166000000002
4470   55587     641     0.24650489
7832   56904     838     0.020400109
6002   56104     815     0.13737956
7653   57306     396     0.22782181
3668   55478     957     0.22417417
6060   56074     326     0.008589382
6804   56447     656     0.27113795
5183   55976     85     0.11944779
3773   55240     573     0.096352935
7653   57306     488     0.30312935
6002   56104     926     0.053243484
7833   57286     60     0.03153899
7608   56945     158     0.07734667
6804   56447     784     0.31007078
5123   55841     690     0.20309715
6804   56447     826     0.07345238
6003   56311     2     0.036731232
7653   57306     588     0.04091457
4401   55510     440     0.011481556
7833   57286     163     0.04226105
5183   55976     327     0.18372056
7833   57286     192     0.032117177000000004
6060   56074     659     0.079059064
7833   57286     236     0.23326534
7833   57286     238     0.023119893
7653   57306     672     0.29954058
3773   55240     862     0.24229684
7653   57306     758     0.04274986
6003   56311     198     0.028177373
6003   56311     230     0.25025433
7833   57286     452     0.07478221
7653   57306     817     0.21830359
5183   55976     632     0.052073322000000005
4471   55617     385     0.29095329999999997
6805   56442     274     0.26237350000000004
6061   56076     5     0.30618286
7833   57286     588     0.020621482
7653   57306     924     0.030390175
7653   57306     942     0.1678166
7833   57286     640     0.02953278
7833   57286     656     0.07597644
5183   55976     846     0.07270688
6805   56442     431     0.055276893
7833   57286     750     0.24030663
5183   55976     914     0.026859717
3669   55481     616     0.25391236
7833   57286     842     0.17092144
5124   55894     258     0.03757855
5124   55894     296     0.04679859
7654   57330     170     0.04070216
5184   56352     72     0.085950814
3774   55244     498     0.02439267
7834   56979     104     0.24836174
7654   57330     282     0.24182464
7834   56979     145     0.019888721
5124   55894     448     0.0652155
5184   56352     371     0.053725872
5124   55894     538     0.05607649
7834   56979     273     0.06912671
5124   55894     565     0.14528257
3774   55244     918     0.26975876
7834   56979     366     0.012000542
6003   56311     850     0.23149495
3774   55244     933     0.25777468
7834   56979     411     0.065698035
6806   56419     126     0.2787961
3670   55480     18     0.041012242000000004
4472   55893     319     0.30788702
7834   56979     474     0.112034656
7834   56979     483     0.019870706000000002
7654   57330     466     0.26578704
3775   55207     196     0.13338089
3775   55207     250     0.0431285
6062   56091     140     0.06862348
5124   55894     762     0.094437174
5184   56352     898     0.13856782
6806   56419     484     0.07213163
3670   55480     277     0.23689787
7834   56979     810     0.26695088
6806   56419     600     0.14821546
5124   55894     932     0.24090935
5124   55894     955     0.29756522
5124   55894     960     0.26131383
6062   56091     379     0.03502988
3670   55480     406     0.20140196
6806   56419     705     0.16084707
7654   57330     887     0.28386300000000003
6062   56091     419     0.25448158
6062   56091     429     0.23555626
6004   56066     346     0.27906215
6062   56091     538     0.02687776
3775   55207     688     0.14476185
3670   55480     558     0.010636564
5125   55863     144     0.28177673
6062   56091     583     0.03486753
3670   55480     577     0.14474137
6733   56369     730     0.008929013000000001
3775   55207     720     0.13033283
3670   55480     589     0.26617426
7655   57336     44     0.08930644
6733   56369     782     0.27470229999999995
3775   55207     812     0.22665788
5185   55978     388     0.051513884
6806   56419     967     0.22977193
7835   56986     255     0.14154354
5125   55863     259     0.056883734000000005
6733   56369     872     0.06585348
3670   55480     738     0.013779075
3670   55480     769     0.13955596
5125   55863     368     0.26132193
6004   56066     669     0.31982282
4473   55589     192     0.17668337
5125   55863     384     0.25218427
7655   57336     254     0.08876322
6807   56429     104     0.039061036
7655   57336     353     0.1888614
5185   55978     567     0.31034186
7835   56986     441     0.03630106
4403   55536     242     0.074568816
6004   56066     826     0.052021094000000004
7655   57336     408     0.07985135
7835   56986     509     0.06835777
7835   56986     540     0.14059271
4403   55536     318     0.005297205
5125   55863     628     0.045313913
7655   57336     565     0.06360967
4403   55536     442     0.048205107000000004
6063   56098     142     0.07810768
6807   56429     456     0.06264239
6807   56429     457     0.1302787
7835   56986     752     0.08400114
6734   56386     363     0.16629243
7835   56986     758     0.041567866
7655   57336     658     0.029094849
7835   56986     765     0.04143994
6807   56429     498     0.010087895999999999
6005   56090     120     0.027913617
6063   56098     291     0.22712663
5125   55863     912     0.05462506
5186   56337     24     0.06402262
5125   55863     942     0.07631778
6734   56386     561     0.07998811
5125   55863     986     0.08230242
3671   55483     535     0.15385237
3776   55209     667     0.1410732
6807   56429     844     0.006583869
6005   56090     410     0.06519072
6063   56098     598     0.02889357
6063   56098     631     0.2949118
3671   55483     598     0.21562003
6734   56386     754     0.05578626
6807   56429     968     0.18721914
6063   56098     683     0.040922504
3776   55209     855     0.08766732
5186   56337     452     0.08282765
3776   55209     909     0.20609115
5186   56337     503     0.2982203
7656   57338     134     0.033273607000000004
7836   57278     390     0.046070255
7836   57278     457     0.06034198
5186   56337     594     0.20615216
6808   56443     175     0.20104724
5126   55923     365     0.054659873
6734   56386     952     0.074315436
6808   56443     200     0.16590878
3777   55210     57     0.11967171
6808   56443     213     0.23267646
7836   57278     500     0.13500886
7656   57338     312     0.27365777
3671   55483     875     0.14100917
7836   57278     589     0.09247641
6808   56443     310     0.25691032
6735   56397     80     0.3187482
4404   55513     218     0.0746495
6005   56090     826     0.016922133
6005   56090     873     0.084565036
5126   55923     662     0.039046858
4404   55513     382     0.06149981
6735   56397     281     0.10866649
4404   55513     424     0.011155185
3672   55484     139     0.09277765
6735   56397     296     0.29321063
3672   55484     146     0.09663869
5126   55923     782     0.027563011000000002
7656   57338     675     0.031547494
6735   56397     432     0.017691547
5126   55923     892     0.275597
3672   55484     319     0.1395602
6006   56105     200     0.19529963
3672   55484     540     0.019359222
7657   57309     35     0.042089205
6006   56105     684     0.20458627
6735   56397     983     0.14913689
6736   56366     18     0.054687615
3672   55484     882     0.03272972
5127   55889     464     0.23891462
7657   57309     331     0.047198124
7657   57309     344     0.256456
3672   55484     919     0.14563502
7657   57309     371     0.15693572
7657   57309     422     0.055117194
6736   56366     204     0.08632994
6006   56105     960     0.17296876
7657   57309     619     0.07024549
7657   57309     624     0.10352559
4405   55854     531     0.1283048
4405   55854     544     0.054108348
3673   55178     277     0.28732693
7657   57309     750     0.23201682
5127   55889     909     0.033937305
4405   55854     640     0.053147245
6007   56066     228     0.16649497
3673   55178     383     0.18610549
3673   55178     456     0.09600435
7657   57309     930     0.081541404
4405   55854     823     0.27083972
7658   57312     22     0.08614743
7658   57312     148     0.093587115
5128   55912     294     0.057404435999999996
6736   56366     882     0.27652037
7658   57312     182     0.039993785
5128   55912     335     0.10230781
5128   55912     400     0.08726367
5128   55912     405     0.060178800000000005
6736   56366     992     0.31565106
5128   55912     443     0.10412717
7658   57312     362     0.11624514
5128   55912     514     0.1419368
5128   55912     600     0.12103546400000001
4406   55858     382     0.038567547
7658   57312     561     0.21505341
5128   55912     755     0.09357837
5128   55912     787     0.09591842
5128   55912     823     0.24581435
5128   55912     874     0.2785439
6737   56365     580     0.054661207
7658   57312     873     0.06997825
7658   57312     914     0.02526443
7658   57312     938     0.03790409
7658   57312     964     0.22584099
6008   56093     398     0.029014762000000003
4406   55858     824     0.07689306
7658   57312     976     0.31765705
5129   55864     140     0.06459165
6737   56365     721     0.29435359999999994
7659   57060     20     0.048227402999999995
4406   55858     928     0.045219455
4406   55858     989     0.09293986
6008   56093     578     0.17867275
6008   56093     625     0.26652306
6008   56093     633     0.059870858
7659   57060     210     0.015802551
4407   55884     59     0.24520943
4407   55884     77     0.018993054
3674   55182     800     0.032580517
7659   57060     347     0.2109672
7659   57060     384     0.16177315
5129   55864     585     0.10414582
6008   56093     886     0.07629006
7659   57060     494     0.04839856
5129   55864     645     0.29308382
3675   55183     79     0.27365890000000004
6738   56424     282     0.19876589
6738   56424     335     0.30151817
7659   57060     624     0.11923024
5129   55864     807     0.26244673
4407   55884     568     0.10453102
6738   56424     456     0.02526034
6009   56313     174     0.21031158
4407   55884     725     0.23355989
3675   55183     509     0.12071219
5130   55835     116     0.22909622
7660   57357     5     0.15283039999999998
7660   57357     14     0.015197526999999999
7660   57357     34     0.24063939
6738   56424     820     0.015097828999999998
7660   57357     110     0.032891244
7660   57357     117     0.24497896
6009   56313     546     0.27454559999999995
4407   55884     991     0.07708375
7660   57357     188     0.15321858
7660   57357     190     0.096427344
7660   57357     198     0.25769743
6738   56424     927     0.23635414
6009   56313     640     0.06516007
7660   57357     250     0.100537725
7660   57357     256     0.1526557
6009   56313     730     0.036901154
5130   55835     458     0.10889808
7660   57357     332     0.22775517
7660   57357     368     0.041439235
7660   57357     376     0.018235898
3675   55183     956     0.072905675
4408   55888     258     0.28105792
5130   55835     556     0.08013759
3675   55183     992     0.20513226
7660   57357     476     0.23754560000000002
3676   55186     170     0.18001387
5130   55835     766     0.25945450000000003
6010   56097     76     0.014969772
7660   57357     674     0.26375484
3676   55186     262     0.034447648
7660   57357     712     0.14144075
6739   56393     428     0.08350228
7660   57357     727     0.04444313
6010   56097     221     0.0033657907000000003
6010   56097     226     0.07846771
7660   57357     830     0.2976672
3676   55186     396     0.031022072
3676   55186     434     0.24386962
4408   55888     765     0.11747476
4408   55888     767     0.065098085
6010   56097     364     0.05313257
7660   57357     976     0.084680416
6739   56393     724     0.0009194496699999998
3676   55186     574     0.19936593
3676   55186     601     0.23231272
7661   57286     42     0.091790706
7661   57286     52     0.10720778
7661   57286     74     0.042232152
7661   57286     76     0.042433045999999995
7661   57286     78     0.1085219
6010   56097     523     0.20743270000000003
5131   55835     264     0.039001137000000005
6739   56393     842     0.041446794
7661   57286     218     0.14249682
7661   57286     304     0.12084389
3676   55186     889     0.107106075
6740   56401     54     0.013462275
6010   56097     849     0.05410016
6010   56097     994     0.0703477
7661   57286     668     0.23397441
3677   55205     310     0.15350573
3677   55205     389     0.31323758
5132   55858     26     0.12064379
7661   57286     901     0.24760962
4409   55883     760     0.19106616
4409   55883     767     0.22467060000000003
6740   56401     660     0.25801164
6011   56103     373     0.16119969
7661   57286     965     0.1536188
6740   56401     706     0.12970623
4409   55883     921     0.084207214
6740   56401     804     0.3008217
7662   57358     108     0.024254521
3677   55205     672     0.18518494
5132   55858     310     0.06079587
6740   56401     934     0.06426816
7662   57358     272     0.034414012
7662   57358     373     0.087708116
6741   56394     110     0.28206098
6011   56103     858     0.07425985
7662   57358     456     0.24513395
6011   56103     892     0.06296373
6688   56412     98     0.0029659928000000005
3678   55208     213     0.050382853
7662   57358     685     0.27742848
6741   56394     408     0.0731855
4410   56187     622     0.086129464
4410   56187     649     0.09854781
7662   57358     826     0.13470714
5132   55858     990     0.06578635
4410   56187     734     0.26331258
6012   56101     324     0.07165003
6741   56394     636     0.0020604562
5133   55860     70     0.062399425
3678   55208     524     0.23394176
7663   57328     32     0.23397434
7663   57328     47     0.05898787
5133   55860     242     0.059584267
7663   57328     154     0.075982295
7663   57328     189     0.23956218
6012   56101     622     0.077920355
6012   56101     633     0.035119653
5133   55860     389     0.20052487
6012   56101     677     0.04200679
3678   55208     854     0.12968631
7663   57328     343     0.04266434
6742   56415     96     0.11284897
6012   56101     812     0.08359764
6012   56101     873     0.085727096
6012   56101     929     0.02932261
6742   56415     244     0.1298619
6012   56101     986     0.29324314
7663   57328     578     0.13801269
4411   56164     447     0.05912821
3679   55209     196     0.19716948
3679   55209     234     0.039608963
3679   55209     280     0.1331485
6013   56074     197     0.3075864
6742   56415     488     0.065990254
7663   57328     792     0.06784299
6013   56074     242     0.036781084
6742   56415     532     0.2617499
5134   55868     24     0.23891568
5134   55868     52     0.24124561
6742   56415     654     0.04582746
3679   55209     546     0.06918446
4411   56164     885     0.23689179999999996
4411   56164     932     0.123116374
7664   57367     132     0.21582599
6742   56415     912     0.17765057
3679   55209     824     0.023635132000000003
6013   56074     757     0.29130042
7664   57367     364     0.05909895
4412   55912     215     0.15863168
3679   55209     938     0.24273360000000002
5134   55868     534     0.1628231
5134   55868     574     0.082465485
7664   57367     448     0.102655895
4412   55912     301     0.065845035
7664   57367     513     0.08888089
6013   56074     972     0.042561375
6013   56074     994     0.035983312999999996
6743   56385     298     0.31802848
3680   55210     157     0.25595057
6743   56385     341     0.18221891
5134   55868     767     0.2550005
7664   57367     642     0.10701474
7664   57367     694     0.06352695
6743   56385     421     0.091249526
6743   56385     494     0.058015517999999995
5134   55868     944     0.050543017999999995
3680   55210     375     0.15140417
6743   56385     536     0.12504523
7664   57367     876     0.20734770000000002
5135   55862     32     0.20961754
7664   57367     922     0.053079627000000004
4412   55912     772     0.078781344
6743   56385     723     0.1564222
3680   55210     614     0.21387516
7665   57328     92     0.30455986
4412   55912     968     0.023761027
6014   56072     578     0.035806224
6743   56385     890     0.016796002
6743   56385     893     0.070505485
6014   56072     636     0.036003
7665   57328     304     0.024374073
